,filename,precision,recall,f1,cosine_sim,levenshtein_distance,labels,inv_levenshtein,overall,language
0,CARMEN-I_CC_1.txt,,,,0.994286044249488,114,,0.008771929824561403,,es
1,CARMEN-I_CC_3.txt,,,,0.9938281269095861,52,,0.019230769230769232,,es
2,CARMEN-I_CC_5.txt,,,,0.9815013162072774,156,,0.00641025641025641,,es
3,CARMEN-I_IA_ANTECEDENTES_1.txt,,,,0.9925330107086819,133,,0.007518796992481203,,es
4,CARMEN-I_IA_ANTECEDENTES_100.txt,,,,0.9912147680677228,214,,0.004672897196261682,,es
5,CARMEN-I_IA_ANTECEDENTES_101.txt,,,,0.9913707165882013,421,,0.0023752969121140144,,es
6,CARMEN-I_IA_ANTECEDENTES_104.txt,,,,0.9795263597634221,151,,0.006622516556291391,,es
7,CARMEN-I_IA_ANTECEDENTES_106.txt,,,,0.9910608476036191,63,,0.015873015873015872,,es
8,CARMEN-I_IA_ANTECEDENTES_108.txt,,,,0.934101408488169,0,,1.0,,es
9,CARMEN-I_IA_ANTECEDENTES_109.txt,,,,0.9964056965711289,46,,0.021739130434782608,,bi
10,CARMEN-I_IA_ANTECEDENTES_110.txt,,,,0.9756764707827293,157,,0.006369426751592357,,es
11,CARMEN-I_IA_ANTECEDENTES_111.txt,,,,0.9887564385246141,92,,0.010869565217391304,,es
12,CARMEN-I_IA_ANTECEDENTES_112.txt,,,,0.9672351841418402,156,,0.00641025641025641,,es
13,CARMEN-I_IA_ANTECEDENTES_113.txt,,,,0.9551819313991436,140,,0.007142857142857143,,es
14,CARMEN-I_IA_ANTECEDENTES_114.txt,,,,0.9602336476892823,98,,0.01020408163265306,,es
15,CARMEN-I_IA_ANTECEDENTES_115.txt,,,,1.0000000000000002,28,,0.03571428571428571,,bi
16,CARMEN-I_IA_ANTECEDENTES_116.txt,,,,0.9836041074037305,72,,0.013888888888888888,,es
17,CARMEN-I_IA_ANTECEDENTES_117.txt,,,,0.953067209281181,111,,0.009009009009009009,,es
18,CARMEN-I_IA_ANTECEDENTES_118.txt,,,,1.0,57,,0.017543859649122806,,es
19,CARMEN-I_IA_ANTECEDENTES_119.txt,,,,0.9705065715076652,54,,0.018518518518518517,,es
20,CARMEN-I_IA_ANTECEDENTES_12.txt,,,,0.996625558302925,269,,0.0037174721189591076,,es
21,CARMEN-I_IA_ANTECEDENTES_120.txt,,,,0.9993846455349829,128,,0.0078125,,es
22,CARMEN-I_IA_ANTECEDENTES_121.txt,,,,1.0,55,,0.01818181818181818,,es
23,CARMEN-I_IA_ANTECEDENTES_122.txt,,,,0.9913855887793505,93,,0.010752688172043012,,es
24,CARMEN-I_IA_ANTECEDENTES_124.txt,,,,0.9648194902550905,164,,0.006097560975609756,,es
25,CARMEN-I_IA_ANTECEDENTES_125.txt,,,,0.9994247680955642,109,,0.009174311926605505,,es
26,CARMEN-I_IA_ANTECEDENTES_127.txt,,,,0.9875109565785788,221,,0.004524886877828055,,es
27,CARMEN-I_IA_ANTECEDENTES_131.txt,,,,0.9982618721607761,142,,0.007042253521126761,,bi
28,CARMEN-I_IA_ANTECEDENTES_132.txt,,,,0.9814165528196246,132,,0.007575757575757576,,es
29,CARMEN-I_IA_ANTECEDENTES_133.txt,,,,0.9935286853557339,115,,0.008695652173913044,,es
30,CARMEN-I_IA_ANTECEDENTES_135.txt,,,,1.0000000000000002,22,,0.045454545454545456,,es
31,CARMEN-I_IA_ANTECEDENTES_136.txt,,,,0.9999999999999998,22,,0.045454545454545456,,es
32,CARMEN-I_IA_ANTECEDENTES_137.txt,,,,0.98038693243758,119,,0.008403361344537815,,es
33,CARMEN-I_IA_ANTECEDENTES_138.txt,,,,0.9914456578594122,243,,0.00411522633744856,,es
34,CARMEN-I_IA_ANTECEDENTES_139.txt,,,,1.0,8,,0.125,,es
35,CARMEN-I_IA_ANTECEDENTES_14.txt,,,,0.914351561269502,82,,0.012195121951219513,,es
36,CARMEN-I_IA_ANTECEDENTES_140.txt,,,,0.985756557599759,80,,0.0125,,es
37,CARMEN-I_IA_ANTECEDENTES_15.txt,,,,0.9965213835637512,50,,0.02,,es
38,CARMEN-I_IA_ANTECEDENTES_17.txt,,,,1.0000000000000002,15,,0.06666666666666667,,es
39,CARMEN-I_IA_ANTECEDENTES_20.txt,,,,1.0000000000000002,34,,0.029411764705882353,,es
40,CARMEN-I_IA_ANTECEDENTES_21.txt,,,,0.9999999999999998,28,,0.03571428571428571,,es
41,CARMEN-I_IA_ANTECEDENTES_23.txt,,,,0.9600449860131817,53,,0.018867924528301886,,es
42,CARMEN-I_IA_ANTECEDENTES_25.txt,,,,0.8845811594272125,178,,0.0056179775280898875,,es
43,CARMEN-I_IA_ANTECEDENTES_27.txt,,,,0.9921444317988302,192,,0.005208333333333333,,es
44,CARMEN-I_IA_ANTECEDENTES_28.txt,,,,0.9760484484074498,96,,0.010416666666666666,,es
45,CARMEN-I_IA_ANTECEDENTES_29.txt,,,,0.8686017891848467,0,,1.0,,es
46,CARMEN-I_IA_ANTECEDENTES_3.txt,,,,0.9140237818768353,0,,1.0,,bi
47,CARMEN-I_IA_ANTECEDENTES_30.txt,,,,0.9740651280245433,97,,0.010309278350515464,,es
48,CARMEN-I_IA_ANTECEDENTES_31.txt,,,,0.9892815293315524,77,,0.012987012987012988,,es
49,CARMEN-I_IA_ANTECEDENTES_32.txt,,,,0.9807421861577226,303,,0.0033003300330033004,,es
50,CARMEN-I_IA_ANTECEDENTES_34.txt,,,,1.0,21,,0.047619047619047616,,es
51,CARMEN-I_IA_ANTECEDENTES_35.txt,,,,0.9844345025878426,46,,0.021739130434782608,,es
52,CARMEN-I_IA_ANTECEDENTES_36.txt,,,,0.9943599035983478,147,,0.006802721088435374,,es
53,CARMEN-I_IA_ANTECEDENTES_37.txt,,,,1.0,16,,0.0625,,es
54,CARMEN-I_IA_ANTECEDENTES_39.txt,,,,1.0,3,,0.3333333333333333,,es
55,CARMEN-I_IA_ANTECEDENTES_4.txt,,,,0.9933065042001604,78,,0.01282051282051282,,es
56,CARMEN-I_IA_ANTECEDENTES_40.txt,,,,0.9874162892806055,55,,0.01818181818181818,,es
57,CARMEN-I_IA_ANTECEDENTES_41.txt,,,,0.9937099940102249,262,,0.003816793893129771,,es
58,CARMEN-I_IA_ANTECEDENTES_43.txt,,,,0.9993436580145876,84,,0.011904761904761904,,es
59,CARMEN-I_IA_ANTECEDENTES_45.txt,,,,0.9381383966893525,67,,0.014925373134328358,,es
60,CARMEN-I_IA_ANTECEDENTES_46.txt,,,,0.9828356302077276,80,,0.0125,,es
61,CARMEN-I_IA_ANTECEDENTES_47.txt,,,,0.9925672940412155,94,,0.010638297872340425,,es
62,CARMEN-I_IA_ANTECEDENTES_48.txt,,,,0.9543337573971703,0,,1.0,,es
63,CARMEN-I_IA_ANTECEDENTES_49.txt,,,,0.9954539076086606,162,,0.006172839506172839,,es
64,CARMEN-I_IA_ANTECEDENTES_50.txt,,,,1.0000000000000002,39,,0.02564102564102564,,es
65,CARMEN-I_IA_ANTECEDENTES_51.txt,,,,0.9946145429544839,127,,0.007874015748031496,,es
66,CARMEN-I_IA_ANTECEDENTES_52.txt,,,,0.9779838210131377,44,,0.022727272727272728,,es
67,CARMEN-I_IA_ANTECEDENTES_53.txt,,,,0.9684203951631388,75,,0.013333333333333334,,es
68,CARMEN-I_IA_ANTECEDENTES_54.txt,,,,0.931441070086335,33,,0.030303030303030304,,es
69,CARMEN-I_IA_ANTECEDENTES_55.txt,,,,0.9972927378450568,115,,0.008695652173913044,,cat
70,CARMEN-I_IA_ANTECEDENTES_56.txt,,,,1.0,4,,0.25,,es
71,CARMEN-I_IA_ANTECEDENTES_59.txt,,,,1.0000000000000007,11,,0.09090909090909091,,es
72,CARMEN-I_IA_ANTECEDENTES_6.txt,,,,0.9878026919709464,130,,0.007692307692307693,,es
73,CARMEN-I_IA_ANTECEDENTES_60.txt,,,,0.9989103128408979,135,,0.007407407407407408,,es
74,CARMEN-I_IA_ANTECEDENTES_61.txt,,,,0.9975603877673868,105,,0.009523809523809525,,es
75,CARMEN-I_IA_ANTECEDENTES_62.txt,,,,0.9977165739585333,159,,0.006289308176100629,,es
76,CARMEN-I_IA_ANTECEDENTES_64.txt,,,,0.9764704825836306,33,,0.030303030303030304,,es
77,CARMEN-I_IA_ANTECEDENTES_65.txt,,,,0.9565037808937498,59,,0.01694915254237288,,es
78,CARMEN-I_IA_ANTECEDENTES_67.txt,,,,0.985326863796813,206,,0.0048543689320388345,,es
79,CARMEN-I_IA_ANTECEDENTES_68.txt,,,,0.9848306872305421,44,,0.022727272727272728,,es
80,CARMEN-I_IA_ANTECEDENTES_69.txt,,,,0.9999999999999996,15,,0.06666666666666667,,es
81,CARMEN-I_IA_ANTECEDENTES_7.txt,,,,0.9547989255840756,197,,0.005076142131979695,,es
82,CARMEN-I_IA_ANTECEDENTES_70.txt,,,,0.9999999999999999,44,,0.022727272727272728,,es
83,CARMEN-I_IA_ANTECEDENTES_71.txt,,,,0.9857196161129552,46,,0.021739130434782608,,es
84,CARMEN-I_IA_ANTECEDENTES_72.txt,,,,0.9872353675557481,58,,0.017241379310344827,,es
85,CARMEN-I_IA_ANTECEDENTES_73.txt,,,,0.9933166688096747,93,,0.010752688172043012,,es
86,CARMEN-I_IA_ANTECEDENTES_74.txt,,,,0.9995737553115783,119,,0.008403361344537815,,es
87,CARMEN-I_IA_ANTECEDENTES_77.txt,,,,1.0000000000000002,58,,0.017241379310344827,,es
88,CARMEN-I_IA_ANTECEDENTES_78.txt,,,,0.9914966634833505,243,,0.00411522633744856,,es
89,CARMEN-I_IA_ANTECEDENTES_8.txt,,,,0.9960516939739907,128,,0.0078125,,es
90,CARMEN-I_IA_ANTECEDENTES_80.txt,,,,0.9902537900879035,455,,0.002197802197802198,,es
91,CARMEN-I_IA_ANTECEDENTES_81.txt,,,,0.9673819804406161,170,,0.0058823529411764705,,es
92,CARMEN-I_IA_ANTECEDENTES_82.txt,,,,0.9999999999999974,85,,0.011764705882352941,,es
93,CARMEN-I_IA_ANTECEDENTES_85.txt,,,,0.8956447402860066,0,,1.0,,es
94,CARMEN-I_IA_ANTECEDENTES_87.txt,,,,0.9763250406022042,97,,0.010309278350515464,,es
95,CARMEN-I_IA_ANTECEDENTES_88.txt,,,,1.0,70,,0.014285714285714285,,es
96,CARMEN-I_IA_ANTECEDENTES_89.txt,,,,0.9976677436163337,39,,0.02564102564102564,,es
97,CARMEN-I_IA_ANTECEDENTES_90.txt,,,,0.9952852122880078,137,,0.0072992700729927005,,es
98,CARMEN-I_IA_ANTECEDENTES_91.txt,,,,0.9983007132016806,158,,0.006329113924050633,,es
99,CARMEN-I_IA_ANTECEDENTES_93.txt,,,,0.8965536677122898,0,,1.0,,es
100,CARMEN-I_IA_ANTECEDENTES_94.txt,,,,0.9633877022742758,152,,0.006578947368421052,,es
101,CARMEN-I_IA_ANTECEDENTES_95.txt,,,,0.9944236268829271,149,,0.006711409395973154,,es
102,CARMEN-I_IA_ANTECEDENTES_96.txt,,,,0.9923639530261504,220,,0.004545454545454545,,es
103,CARMEN-I_IA_ANTECEDENTES_97.txt,,,,0.9988535342710789,106,,0.009433962264150943,,es
104,CARMEN-I_IA_ANTECEDENTES_98.txt,,,,0.9969841121137122,52,,0.019230769230769232,,es
105,CARMEN-I_IA_ANTECEDENTES_99.txt,,,,0.9967920033381075,69,,0.014492753623188406,,es
106,CARMEN-I_IA_EVOL_10.txt,,,,0.9846924536631173,339,,0.0029498525073746312,,es
107,CARMEN-I_IA_EVOL_101.txt,,,,0.9131955603258238,0,,1.0,,es
108,CARMEN-I_IA_EVOL_103.txt,,,,0.99467193037775,0,,1.0,,es
109,CARMEN-I_IA_EVOL_104.txt,,,,0.9937027412860251,66,,0.015151515151515152,,es
110,CARMEN-I_IA_EVOL_106.txt,,,,0.9899260934642404,37,,0.02702702702702703,,es
111,CARMEN-I_IA_EVOL_107.txt,,,,0.9320424797245226,0,,1.0,,es
112,CARMEN-I_IA_EVOL_109.txt,,,,0.994180006983682,70,,0.014285714285714285,,es
113,CARMEN-I_IA_EVOL_112.txt,,,,0.9940941163186493,79,,0.012658227848101266,,es
114,CARMEN-I_IA_EVOL_115.txt,,,,0.9894807165714818,152,,0.006578947368421052,,es
115,CARMEN-I_IA_EVOL_116.txt,,,,0.993314376659885,54,,0.018518518518518517,,es
116,CARMEN-I_IA_EVOL_117.txt,,,,0.9975325136324817,54,,0.018518518518518517,,es
117,CARMEN-I_IA_EVOL_118.txt,,,,0.9876149740141292,145,,0.006896551724137931,,es
118,CARMEN-I_IA_EVOL_120.txt,,,,0.9921301634232088,73,,0.0136986301369863,,es
119,CARMEN-I_IA_EVOL_121.txt,,,,0.992311237952105,89,,0.011235955056179775,,es
120,CARMEN-I_IA_EVOL_126.txt,,,,0.9894211309550014,110,,0.00909090909090909,,es
121,CARMEN-I_IA_EVOL_127.txt,,,,0.994938315643272,163,,0.006134969325153374,,es
122,CARMEN-I_IA_EVOL_13.txt,,,,0.9482564261445751,338,,0.0029585798816568047,,es
123,CARMEN-I_IA_EVOL_130.txt,,,,0.9964064022583087,118,,0.00847457627118644,,es
124,CARMEN-I_IA_EVOL_132.txt,,,,0.9728599571631484,264,,0.003787878787878788,,es
125,CARMEN-I_IA_EVOL_134.txt,,,,0.9947214163676094,312,,0.003205128205128205,,es
126,CARMEN-I_IA_EVOL_135.txt,,,,0.994576680284688,140,,0.007142857142857143,,es
127,CARMEN-I_IA_EVOL_136.txt,,,,0.9910765423943115,157,,0.006369426751592357,,es
128,CARMEN-I_IA_EVOL_138.txt,,,,0.9921612844421012,54,,0.018518518518518517,,es
129,CARMEN-I_IA_EVOL_14.txt,,,,0.9961439389815057,118,,0.00847457627118644,,es
130,CARMEN-I_IA_EVOL_142.txt,,,,1.0000000000000002,34,,0.029411764705882353,,es
131,CARMEN-I_IA_EVOL_147.txt,,,,0.9855059994526268,0,,1.0,,es
132,CARMEN-I_IA_EVOL_148.txt,,,,0.9944778398858283,137,,0.0072992700729927005,,es
133,CARMEN-I_IA_EVOL_16.txt,,,,0.9985727170414378,48,,0.020833333333333332,,es
134,CARMEN-I_IA_EVOL_17.txt,,,,0.977481869317132,123,,0.008130081300813009,,es
135,CARMEN-I_IA_EVOL_19.txt,,,,0.9886093657901815,58,,0.017241379310344827,,es
136,CARMEN-I_IA_EVOL_22.txt,,,,1.0,133,,0.007518796992481203,,es
137,CARMEN-I_IA_EVOL_23.txt,,,,0.9921543378353985,345,,0.002898550724637681,,bi
138,CARMEN-I_IA_EVOL_25.txt,,,,0.8688228973243797,289,,0.0034602076124567475,,es
139,CARMEN-I_IA_EVOL_26.txt,,,,0.9730056515517357,42,,0.023809523809523808,,es
140,CARMEN-I_IA_EVOL_29.txt,,,,0.811079760274386,0,,1.0,,es
141,CARMEN-I_IA_EVOL_33.txt,,,,0.9909469907853876,59,,0.01694915254237288,,es
142,CARMEN-I_IA_EVOL_34.txt,,,,0.9717433232623784,61,,0.01639344262295082,,es
143,CARMEN-I_IA_EVOL_35.txt,,,,0.9788246268733702,147,,0.006802721088435374,,es
144,CARMEN-I_IA_EVOL_37.txt,,,,0.9942096616555045,334,,0.0029940119760479044,,es
145,CARMEN-I_IA_EVOL_39.txt,,,,1.0,25,,0.04,,es
146,CARMEN-I_IA_EVOL_4.txt,,,,0.9906478000487632,125,,0.008,,es
147,CARMEN-I_IA_EVOL_40.txt,,,,0.9966592312203513,151,,0.006622516556291391,,es
148,CARMEN-I_IA_EVOL_42.txt,,,,0.9921857776010957,78,,0.01282051282051282,,es
149,CARMEN-I_IA_EVOL_45.txt,,,,0.9816851983863815,0,,1.0,,es
150,CARMEN-I_IA_EVOL_46.txt,,,,0.9893081671568734,69,,0.014492753623188406,,es
151,CARMEN-I_IA_EVOL_48.txt,,,,0.9984782089070503,70,,0.014285714285714285,,es
152,CARMEN-I_IA_EVOL_5.txt,,,,0.9959760890352068,93,,0.010752688172043012,,es
153,CARMEN-I_IA_EVOL_53.txt,,,,0.9926658482784634,56,,0.017857142857142856,,es
154,CARMEN-I_IA_EVOL_54.txt,,,,0.9765767204673994,0,,1.0,,es
155,CARMEN-I_IA_EVOL_56.txt,,,,0.9884126271258102,0,,1.0,,es
156,CARMEN-I_IA_EVOL_57.txt,,,,0.9872776136111598,58,,0.017241379310344827,,es
157,CARMEN-I_IA_EVOL_58.txt,,,,1.0000000000000002,122,,0.00819672131147541,,es
158,CARMEN-I_IA_EVOL_59.txt,,,,0.9971151310288277,34,,0.029411764705882353,,es
159,CARMEN-I_IA_EVOL_60.txt,,,,1.0000000000000004,9,,0.1111111111111111,,es
160,CARMEN-I_IA_EVOL_64.txt,,,,0.996802881860725,90,,0.011111111111111112,,es
161,CARMEN-I_IA_EVOL_65.txt,,,,0.88074930546623,0,,1.0,,es
162,CARMEN-I_IA_EVOL_67.txt,,,,0.9572583249151999,22,,0.045454545454545456,,es
163,CARMEN-I_IA_EVOL_70.txt,,,,1.000000000000001,16,,0.0625,,es
164,CARMEN-I_IA_EVOL_71.txt,,,,0.989469106535442,257,,0.0038910505836575876,,es
165,CARMEN-I_IA_EVOL_72.txt,,,,0.9985744747538409,106,,0.009433962264150943,,es
166,CARMEN-I_IA_EVOL_73.txt,,,,0.9265461071461817,160,,0.00625,,es
167,CARMEN-I_IA_EVOL_75.txt,,,,0.9964059137317772,285,,0.0035087719298245615,,bi
168,CARMEN-I_IA_EVOL_78.txt,,,,0.9999999999999999,10,,0.1,,es
169,CARMEN-I_IA_EVOL_79.txt,,,,0.9981528766178936,79,,0.012658227848101266,,es
170,CARMEN-I_IA_EVOL_85.txt,,,,0.9988858045586128,134,,0.007462686567164179,,es
171,CARMEN-I_IA_EVOL_86.txt,,,,0.9945650339186372,111,,0.009009009009009009,,es
172,CARMEN-I_IA_EVOL_9.txt,,,,0.9887067237153436,274,,0.0036496350364963502,,es
173,CARMEN-I_IA_EVOL_90.txt,,,,0.9952121903175369,0,,1.0,,es
174,CARMEN-I_IA_EVOL_91.txt,,,,0.9723111323899805,0,,1.0,,es
175,CARMEN-I_IA_EVOL_92.txt,,,,0.9912860699676226,445,,0.0022471910112359553,,es
176,CARMEN-I_IA_EVOL_99.txt,,,,0.9971876372401324,110,,0.00909090909090909,,es
177,CARMEN-I_IA_EXPLORACION_CLINICA_10.txt,,,,1.0000000000000002,16,,0.0625,,es
178,CARMEN-I_IA_EXPLORACION_CLINICA_12.txt,,,,0.8921471396580621,41,,0.024390243902439025,,es
179,CARMEN-I_IA_EXPLORACION_CLINICA_17.txt,,,,0.9919998279712933,82,,0.012195121951219513,,es
180,CARMEN-I_IA_EXPLORACION_CLINICA_19.txt,,,,0.3032160644503863,89,,0.011235955056179775,,es
181,CARMEN-I_IA_EXPLORACION_CLINICA_2.txt,,,,0.9486407126599123,15,,0.06666666666666667,,es
182,CARMEN-I_IA_EXPLORACION_CLINICA_20.txt,,,,0.9213698739421131,0,,1.0,,es
183,CARMEN-I_IA_EXPLORACION_CLINICA_22.txt,,,,0.7995189954301448,40,,0.025,,es
184,CARMEN-I_IA_EXPLORACION_CLINICA_26.txt,,,,1.0000000000000002,4,,0.25,,es
185,CARMEN-I_IA_EXPLORACION_CLINICA_3.txt,,,,0.8250159925673825,34,,0.029411764705882353,,es
186,CARMEN-I_IA_EXPLORACION_CLINICA_30.txt,,,,1.000000000000001,2,,0.5,,es
187,CARMEN-I_IA_EXPLORACION_CLINICA_4.txt,,,,1.0000000000000002,4,,0.25,,es
188,CARMEN-I_IA_EXPLORACION_CLINICA_5.txt,,,,0.8382509509468761,130,,0.007692307692307693,,es
189,CARMEN-I_IA_EXPLORACION_CLINICA_8.txt,,,,1.0,4,,0.25,,es
190,CARMEN-I_IA_EXPLORACION_CLINICA_9.txt,,,,0.9515551787669542,82,,0.012195121951219513,,es
191,CARMEN-I_IA_EXPLORACION_COMPLEMENTARIA_10.txt,,,,0.9959288608243274,39,,0.02564102564102564,,bi
192,CARMEN-I_IA_EXPLORACION_COMPLEMENTARIA_11.txt,,,,1.0000000000000002,16,,0.0625,,cat
193,CARMEN-I_IA_EXPLORACION_COMPLEMENTARIA_12.txt,,,,0.997216334283589,175,,0.005714285714285714,,bi
194,CARMEN-I_IA_EXPLORACION_COMPLEMENTARIA_13.txt,,,,1.0000000000000002,16,,0.0625,,cat
195,CARMEN-I_IA_EXPLORACION_COMPLEMENTARIA_15.txt,,,,0.9679654900253322,503,,0.0019880715705765406,,es
196,CARMEN-I_IA_EXPLORACION_COMPLEMENTARIA_16.txt,,,,1.0,25,,0.04,,es
197,CARMEN-I_IA_EXPLORACION_COMPLEMENTARIA_17.txt,,,,0.9979019489839104,95,,0.010526315789473684,,es
198,CARMEN-I_IA_EXPLORACION_COMPLEMENTARIA_19.txt,,,,0.9970893978945358,58,,0.017241379310344827,,es
199,CARMEN-I_IA_EXPLORACION_COMPLEMENTARIA_20.txt,,,,0.9950351909837242,95,,0.010526315789473684,,es
200,CARMEN-I_IA_EXPLORACION_COMPLEMENTARIA_21.txt,,,,0.9987330699801065,125,,0.008,,bi
201,CARMEN-I_IA_EXPLORACION_COMPLEMENTARIA_23.txt,,,,1.0000000000000002,40,,0.025,,bi
202,CARMEN-I_IA_EXPLORACION_COMPLEMENTARIA_25.txt,,,,0.9955243777313053,106,,0.009433962264150943,,es
203,CARMEN-I_IA_EXPLORACION_COMPLEMENTARIA_26.txt,,,,0.9836009019976057,335,,0.0029850746268656717,,es
204,CARMEN-I_IA_EXPLORACION_COMPLEMENTARIA_29.txt,,,,1.0000000000000002,16,,0.0625,,es
205,CARMEN-I_IA_EXPLORACION_COMPLEMENTARIA_31.txt,,,,0.9353291336505951,346,,0.002890173410404624,,es
206,CARMEN-I_IA_EXPLORACION_COMPLEMENTARIA_32.txt,,,,1.0000000000000002,175,,0.005714285714285714,,es
207,CARMEN-I_IA_EXPLORACION_COMPLEMENTARIA_33.txt,,,,1.0,9,,0.1111111111111111,,es
208,CARMEN-I_IA_EXPLORACION_COMPLEMENTARIA_34.txt,,,,1.0,58,,0.017241379310344827,,bi
209,CARMEN-I_IA_EXPLORACION_COMPLEMENTARIA_35.txt,,,,1.0,2,,0.5,,cat
210,CARMEN-I_IA_EXPLORACION_COMPLEMENTARIA_36.txt,,,,0.9999999999999999,64,,0.015625,,es
211,CARMEN-I_IA_EXPLORACION_COMPLEMENTARIA_38.txt,,,,1.0000000000000002,46,,0.021739130434782608,,es
212,CARMEN-I_IA_EXPLORACION_COMPLEMENTARIA_39.txt,,,,1.0,148,,0.006756756756756757,,es
213,CARMEN-I_IA_EXPLORACION_COMPLEMENTARIA_4.txt,,,,1.0000000000000002,34,,0.029411764705882353,,bi
214,CARMEN-I_IA_EXPLORACION_COMPLEMENTARIA_41.txt,,,,0.9906799328871688,34,,0.029411764705882353,,bi
215,CARMEN-I_IA_EXPLORACION_COMPLEMENTARIA_42.txt,,,,1.0000000000000004,8,,0.125,,es
216,CARMEN-I_IA_EXPLORACION_COMPLEMENTARIA_43.txt,,,,1.0000000000000004,21,,0.047619047619047616,,es
217,CARMEN-I_IA_EXPLORACION_COMPLEMENTARIA_46.txt,,,,1.0000000000000002,16,,0.0625,,cat
218,CARMEN-I_IA_EXPLORACION_COMPLEMENTARIA_47.txt,,,,0.9576370521746349,0,,1.0,,es
219,CARMEN-I_IA_EXPLORACION_COMPLEMENTARIA_50.txt,,,,0.9999999999999997,70,,0.014285714285714285,,bi
220,CARMEN-I_IA_EXPLORACION_COMPLEMENTARIA_51.txt,,,,1.0,69,,0.014492753623188406,,cat
221,CARMEN-I_IA_EXPLORACION_COMPLEMENTARIA_52.txt,,,,0.9981668137501528,106,,0.009433962264150943,,es
222,CARMEN-I_IA_EXPLORACION_COMPLEMENTARIA_53.txt,,,,0.9999999999999999,148,,0.006756756756756757,,es
223,CARMEN-I_IA_EXPLORACION_COMPLEMENTARIA_54.txt,,,,0.9999999999999998,34,,0.029411764705882353,,bi
224,CARMEN-I_IA_EXPLORACION_COMPLEMENTARIA_6.txt,,,,1.0000000000000002,10,,0.1,,bi
225,CARMEN-I_IA_EXPLORACION_COMPLEMENTARIA_9.txt,,,,0.9960125103757045,90,,0.011111111111111112,,es
226,CARMEN-I_IA_INTERVENCION_QUIRURGICA_1.txt,,,,1.0000000000000004,16,,0.0625,,es
227,CARMEN-I_IA_INTERVENCION_QUIRURGICA_10.txt,,,,1.0,10,,0.1,,es
228,CARMEN-I_IA_INTERVENCION_QUIRURGICA_11.txt,,,,0.9374040019902495,0,,1.0,,es
229,CARMEN-I_IA_INTERVENCION_QUIRURGICA_12.txt,,,,1.0000000000000002,4,,0.25,,es
230,CARMEN-I_IA_INTERVENCION_QUIRURGICA_2.txt,,,,0.9772035990289294,93,,0.010752688172043012,,es
231,CARMEN-I_IA_INTERVENCION_QUIRURGICA_5.txt,,,,1.0000000000000004,28,,0.03571428571428571,,es
232,CARMEN-I_IA_INTERVENCION_QUIRURGICA_6.txt,,,,1.0000000000000004,7,,0.14285714285714285,,es
233,CARMEN-I_IA_INTERVENCION_QUIRURGICA_7.txt,,,,1.0000000000000002,10,,0.1,,es
234,CARMEN-I_IA_INTERVENCION_QUIRURGICA_8.txt,,,,0.9998160802734702,129,,0.007751937984496124,,es
235,CARMEN-I_IA_PLAN_TERAPEUTICO_1.txt,,,,1.0,2,,0.5,,es
236,CARMEN-I_IA_PLAN_TERAPEUTICO_10.txt,,,,1.0000000000000004,4,,0.25,,es
237,CARMEN-I_IA_PLAN_TERAPEUTICO_12.txt,,,,1.0000000000000002,4,,0.25,,es
238,CARMEN-I_IA_PLAN_TERAPEUTICO_13.txt,,,,1.0000000000000002,4,,0.25,,es
239,CARMEN-I_IA_PLAN_TERAPEUTICO_14.txt,,,,1.0000000000000002,49,,0.02040816326530612,,es
240,CARMEN-I_IA_PLAN_TERAPEUTICO_15.txt,,,,1.0000000000000002,3,,0.3333333333333333,,es
241,CARMEN-I_IA_PLAN_TERAPEUTICO_16.txt,,,,1.0,43,,0.023255813953488372,,es
242,CARMEN-I_IA_PLAN_TERAPEUTICO_17.txt,,,,1.0,58,,0.017241379310344827,,es
243,CARMEN-I_IA_PLAN_TERAPEUTICO_18.txt,,,,1.0000000000000002,56,,0.017857142857142856,,es
244,CARMEN-I_IA_PLAN_TERAPEUTICO_19.txt,,,,0.9950709267247778,38,,0.02631578947368421,,es
245,CARMEN-I_IA_PLAN_TERAPEUTICO_21.txt,,,,1.0,3,,0.3333333333333333,,es
246,CARMEN-I_IA_PLAN_TERAPEUTICO_22.txt,,,,0.9711215172247918,49,,0.02040816326530612,,es
247,CARMEN-I_IA_PLAN_TERAPEUTICO_24.txt,,,,1.0000000000000002,4,,0.25,,es
248,CARMEN-I_IA_PLAN_TERAPEUTICO_27.txt,,,,1.0,4,,0.25,,es
249,CARMEN-I_IA_PLAN_TERAPEUTICO_3.txt,,,,0.9726248582786748,78,,0.01282051282051282,,es
250,CARMEN-I_IA_PLAN_TERAPEUTICO_4.txt,,,,1.0000000000000002,2,,0.5,,es
251,CARMEN-I_IA_PLAN_TERAPEUTICO_6.txt,,,,1.0000000000000002,4,,0.25,,es
252,CARMEN-I_IA_PLAN_TERAPEUTICO_7.txt,,,,1.0000000000000002,4,,0.25,,es
253,CARMEN-I_IA_PLAN_TERAPEUTICO_8.txt,,,,1.0,4,,0.25,,es
254,CARMEN-I_IA_PLAN_TERAPEUTICO_9.txt,,,,1.0000000000000002,1,,1.0,,es
255,CARMEN-I_IA_PROCESO_ACTUAL_1.txt,,,,0.93409344512943,71,,0.014084507042253521,,es
256,CARMEN-I_IA_PROCESO_ACTUAL_10.txt,,,,0.9851891420544349,52,,0.019230769230769232,,es
257,CARMEN-I_IA_PROCESO_ACTUAL_100.txt,,,,0.9963218316906235,0,,1.0,,es
258,CARMEN-I_IA_PROCESO_ACTUAL_101.txt,,,,0.9895384775079452,101,,0.009900990099009901,,es
259,CARMEN-I_IA_PROCESO_ACTUAL_102.txt,,,,0.9281099265199974,112,,0.008928571428571428,,es
260,CARMEN-I_IA_PROCESO_ACTUAL_103.txt,,,,0.9537553045385984,99,,0.010101010101010102,,es
261,CARMEN-I_IA_PROCESO_ACTUAL_104.txt,,,,0.6327904583679951,50,,0.02,,es
262,CARMEN-I_IA_PROCESO_ACTUAL_105.txt,,,,1.000000000000002,16,,0.0625,,es
263,CARMEN-I_IA_PROCESO_ACTUAL_106.txt,,,,0.9344386545814352,31,,0.03225806451612903,,es
264,CARMEN-I_IA_PROCESO_ACTUAL_108.txt,,,,0.9833033626882078,148,,0.006756756756756757,,es
265,CARMEN-I_IA_PROCESO_ACTUAL_109.txt,,,,0.8761395508594559,118,,0.00847457627118644,,es
266,CARMEN-I_IA_PROCESO_ACTUAL_11.txt,,,,0.9999999999999999,51,,0.0196078431372549,,es
267,CARMEN-I_IA_PROCESO_ACTUAL_110.txt,,,,0.9929579185579875,25,,0.04,,es
268,CARMEN-I_IA_PROCESO_ACTUAL_111.txt,,,,0.9834644154490123,63,,0.015873015873015872,,es
269,CARMEN-I_IA_PROCESO_ACTUAL_112.txt,,,,0.9787258634119993,49,,0.02040816326530612,,es
270,CARMEN-I_IA_PROCESO_ACTUAL_114.txt,,,,0.9893514575484851,93,,0.010752688172043012,,es
271,CARMEN-I_IA_PROCESO_ACTUAL_115.txt,,,,0.9969468199606873,73,,0.0136986301369863,,es
272,CARMEN-I_IA_PROCESO_ACTUAL_116.txt,,,,0.9929977292750296,70,,0.014285714285714285,,es
273,CARMEN-I_IA_PROCESO_ACTUAL_117.txt,,,,0.9999999999999993,4,,0.25,,es
274,CARMEN-I_IA_PROCESO_ACTUAL_118.txt,,,,0.854369555022658,70,,0.014285714285714285,,es
275,CARMEN-I_IA_PROCESO_ACTUAL_119.txt,,,,0.9628212640860886,0,,1.0,,es
276,CARMEN-I_IA_PROCESO_ACTUAL_12.txt,,,,0.9970820615217985,23,,0.043478260869565216,,es
277,CARMEN-I_IA_PROCESO_ACTUAL_120.txt,,,,0.8902528252717449,0,,1.0,,es
278,CARMEN-I_IA_PROCESO_ACTUAL_121.txt,,,,0.9594783092348736,42,,0.023809523809523808,,es
279,CARMEN-I_IA_PROCESO_ACTUAL_122.txt,,,,0.9743263896056489,67,,0.014925373134328358,,es
280,CARMEN-I_IA_PROCESO_ACTUAL_15.txt,,,,0.9881668585042627,65,,0.015384615384615385,,es
281,CARMEN-I_IA_PROCESO_ACTUAL_16.txt,,,,0.9669735989852651,33,,0.030303030303030304,,es
282,CARMEN-I_IA_PROCESO_ACTUAL_18.txt,,,,0.972444359557181,31,,0.03225806451612903,,es
283,CARMEN-I_IA_PROCESO_ACTUAL_19.txt,,,,0.8496845065054672,0,,1.0,,es
284,CARMEN-I_IA_PROCESO_ACTUAL_20.txt,,,,1.0000000000000002,13,,0.07692307692307693,,es
285,CARMEN-I_IA_PROCESO_ACTUAL_21.txt,,,,0.970220515017726,0,,1.0,,es
286,CARMEN-I_IA_PROCESO_ACTUAL_22.txt,,,,0.8153380755134624,45,,0.022222222222222223,,es
287,CARMEN-I_IA_PROCESO_ACTUAL_24.txt,,,,0.9839076900008846,30,,0.03333333333333333,,es
288,CARMEN-I_IA_PROCESO_ACTUAL_25.txt,,,,0.8658127416608966,167,,0.005988023952095809,,es
289,CARMEN-I_IA_PROCESO_ACTUAL_26.txt,,,,0.9538696476767938,88,,0.011363636363636364,,es
290,CARMEN-I_IA_PROCESO_ACTUAL_27.txt,,,,0.9516403029655506,78,,0.01282051282051282,,es
291,CARMEN-I_IA_PROCESO_ACTUAL_28.txt,,,,0.9589268558772583,0,,1.0,,es
292,CARMEN-I_IA_PROCESO_ACTUAL_29.txt,,,,0.9237631268123042,48,,0.020833333333333332,,es
293,CARMEN-I_IA_PROCESO_ACTUAL_3.txt,,,,0.9027285607344204,122,,0.00819672131147541,,es
294,CARMEN-I_IA_PROCESO_ACTUAL_30.txt,,,,0.8681051875465279,104,,0.009615384615384616,,es
295,CARMEN-I_IA_PROCESO_ACTUAL_33.txt,,,,0.9935040002868012,40,,0.025,,es
296,CARMEN-I_IA_PROCESO_ACTUAL_34.txt,,,,0.9998431898083271,131,,0.007633587786259542,,es
297,CARMEN-I_IA_PROCESO_ACTUAL_35.txt,,,,0.9300203164639151,61,,0.01639344262295082,,es
298,CARMEN-I_IA_PROCESO_ACTUAL_36.txt,,,,0.9785667847491164,0,,1.0,,es
299,CARMEN-I_IA_PROCESO_ACTUAL_37.txt,,,,0.9637389605272877,59,,0.01694915254237288,,es
300,CARMEN-I_IA_PROCESO_ACTUAL_38.txt,,,,0.9835548210966548,37,,0.02702702702702703,,es
301,CARMEN-I_IA_PROCESO_ACTUAL_39.txt,,,,0.9446882206306739,90,,0.011111111111111112,,es
302,CARMEN-I_IA_PROCESO_ACTUAL_4.txt,,,,0.9953628015029734,43,,0.023255813953488372,,es
303,CARMEN-I_IA_PROCESO_ACTUAL_40.txt,,,,0.958668826040203,0,,1.0,,es
304,CARMEN-I_IA_PROCESO_ACTUAL_41.txt,,,,0.945199867062923,81,,0.012345679012345678,,es
305,CARMEN-I_IA_PROCESO_ACTUAL_42.txt,,,,0.9926424072031393,58,,0.017241379310344827,,es
306,CARMEN-I_IA_PROCESO_ACTUAL_43.txt,,,,0.9895471427544239,47,,0.02127659574468085,,es
307,CARMEN-I_IA_PROCESO_ACTUAL_45.txt,,,,0.91961512750703,0,,1.0,,es
308,CARMEN-I_IA_PROCESO_ACTUAL_46.txt,,,,0.9760870932615843,0,,1.0,,es
309,CARMEN-I_IA_PROCESO_ACTUAL_47.txt,,,,1.0,3,,0.3333333333333333,,es
310,CARMEN-I_IA_PROCESO_ACTUAL_48.txt,,,,0.5199052161405949,0,,1.0,,es
311,CARMEN-I_IA_PROCESO_ACTUAL_49.txt,,,,0.6254876262555855,55,,0.01818181818181818,,es
312,CARMEN-I_IA_PROCESO_ACTUAL_5.txt,,,,0.971124496863839,92,,0.010869565217391304,,es
313,CARMEN-I_IA_PROCESO_ACTUAL_51.txt,,,,0.7854565589833958,0,,1.0,,es
314,CARMEN-I_IA_PROCESO_ACTUAL_52.txt,,,,0.9801891036686718,85,,0.011764705882352941,,es
315,CARMEN-I_IA_PROCESO_ACTUAL_54.txt,,,,0.9640569022388382,0,,1.0,,es
316,CARMEN-I_IA_PROCESO_ACTUAL_55.txt,,,,0.9806524848976506,113,,0.008849557522123894,,es
317,CARMEN-I_IA_PROCESO_ACTUAL_56.txt,,,,0.9291307188354063,107,,0.009345794392523364,,es
318,CARMEN-I_IA_PROCESO_ACTUAL_57.txt,,,,0.8660824423997474,0,,1.0,,es
319,CARMEN-I_IA_PROCESO_ACTUAL_59.txt,,,,1.0000000000000004,16,,0.0625,,es
320,CARMEN-I_IA_PROCESO_ACTUAL_6.txt,,,,0.9999999999999998,16,,0.0625,,es
321,CARMEN-I_IA_PROCESO_ACTUAL_60.txt,,,,1.0000000000000004,7,,0.14285714285714285,,es
322,CARMEN-I_IA_PROCESO_ACTUAL_62.txt,,,,0.9409688014559682,135,,0.007407407407407408,,es
323,CARMEN-I_IA_PROCESO_ACTUAL_63.txt,,,,0.9734454868688573,40,,0.025,,es
324,CARMEN-I_IA_PROCESO_ACTUAL_64.txt,,,,0.9823960398732168,110,,0.00909090909090909,,es
325,CARMEN-I_IA_PROCESO_ACTUAL_65.txt,,,,0.9790709910472885,153,,0.006535947712418301,,cat
326,CARMEN-I_IA_PROCESO_ACTUAL_66.txt,,,,0.9888251674077707,94,,0.010638297872340425,,es
327,CARMEN-I_IA_PROCESO_ACTUAL_67.txt,,,,0.9733357388718025,89,,0.011235955056179775,,es
328,CARMEN-I_IA_PROCESO_ACTUAL_68.txt,,,,0.9714217437121454,70,,0.014285714285714285,,es
329,CARMEN-I_IA_PROCESO_ACTUAL_69.txt,,,,0.948471580734589,53,,0.018867924528301886,,es
330,CARMEN-I_IA_PROCESO_ACTUAL_70.txt,,,,0.9929446206749769,25,,0.04,,es
331,CARMEN-I_IA_PROCESO_ACTUAL_71.txt,,,,0.8955324150715728,18,,0.05555555555555555,,es
332,CARMEN-I_IA_PROCESO_ACTUAL_72.txt,,,,0.9962432940146086,43,,0.023255813953488372,,es
333,CARMEN-I_IA_PROCESO_ACTUAL_73.txt,,,,0.8546672765713322,117,,0.008547008547008548,,es
334,CARMEN-I_IA_PROCESO_ACTUAL_74.txt,,,,0.9796829475814661,49,,0.02040816326530612,,es
335,CARMEN-I_IA_PROCESO_ACTUAL_75.txt,,,,1.0000000000000004,43,,0.023255813953488372,,es
336,CARMEN-I_IA_PROCESO_ACTUAL_77.txt,,,,0.9571743252539773,65,,0.015384615384615385,,es
337,CARMEN-I_IA_PROCESO_ACTUAL_8.txt,,,,0.9426623648174837,103,,0.009708737864077669,,es
338,CARMEN-I_IA_PROCESO_ACTUAL_80.txt,,,,0.9791636580031119,109,,0.009174311926605505,,es
339,CARMEN-I_IA_PROCESO_ACTUAL_81.txt,,,,0.9066503429605686,15,,0.06666666666666667,,es
340,CARMEN-I_IA_PROCESO_ACTUAL_83.txt,,,,0.9871281121759866,35,,0.02857142857142857,,es
341,CARMEN-I_IA_PROCESO_ACTUAL_85.txt,,,,0.834030153337272,90,,0.011111111111111112,,es
342,CARMEN-I_IA_PROCESO_ACTUAL_87.txt,,,,0.9956925166017402,0,,1.0,,es
343,CARMEN-I_IA_PROCESO_ACTUAL_88.txt,,,,0.9631208804757918,83,,0.012048192771084338,,es
344,CARMEN-I_IA_PROCESO_ACTUAL_9.txt,,,,0.9588328694519386,0,,1.0,,es
345,CARMEN-I_IA_PROCESO_ACTUAL_90.txt,,,,0.9798173175241395,58,,0.017241379310344827,,es
346,CARMEN-I_IA_PROCESO_ACTUAL_91.txt,,,,1.0000000000000002,13,,0.07692307692307693,,es
347,CARMEN-I_IA_PROCESO_ACTUAL_92.txt,,,,0.9670921397143976,83,,0.012048192771084338,,es
348,CARMEN-I_IA_PROCESO_ACTUAL_93.txt,,,,0.9046910056917987,0,,1.0,,es
349,CARMEN-I_IA_PROCESO_ACTUAL_94.txt,,,,0.9922847628153817,93,,0.010752688172043012,,es
350,CARMEN-I_IA_PROCESO_ACTUAL_96.txt,,,,0.9956176893218392,79,,0.012658227848101266,,es
351,CARMEN-I_IA_PROCESO_ACTUAL_97.txt,,,,0.968633239364682,0,,1.0,,es
352,CARMEN-I_IA_PROCESO_ACTUAL_98.txt,,,,0.9902454402825444,35,,0.02857142857142857,,es
353,CARMEN-I_IA_PROCESO_ACTUAL_99.txt,,,,0.9952513237748872,80,,0.0125,,es
354,CARMEN-I_IA_RADIOGRAFIA_10.txt,,,,1.0000000000000002,10,,0.1,,es
355,CARMEN-I_IA_RADIOGRAFIA_11.txt,,,,1.0,16,,0.0625,,es
356,CARMEN-I_IA_RADIOGRAFIA_14.txt,,,,0.9952334778177461,68,,0.014705882352941176,,es
357,CARMEN-I_IA_RADIOGRAFIA_15.txt,,,,1.0,16,,0.0625,,es
358,CARMEN-I_IA_RADIOGRAFIA_16.txt,,,,1.0000000000000002,10,,0.1,,es
359,CARMEN-I_IA_RADIOGRAFIA_17.txt,,,,1.0,34,,0.029411764705882353,,es
360,CARMEN-I_IA_RADIOGRAFIA_18.txt,,,,0.9950488032354168,56,,0.017857142857142856,,es
361,CARMEN-I_IA_RADIOGRAFIA_19.txt,,,,1.0,28,,0.03571428571428571,,es
362,CARMEN-I_IA_RADIOGRAFIA_2.txt,,,,1.0,28,,0.03571428571428571,,es
363,CARMEN-I_IA_RADIOGRAFIA_20.txt,,,,1.0000000000000002,34,,0.029411764705882353,,es
364,CARMEN-I_IA_RADIOGRAFIA_21.txt,,,,0.9966654847909361,35,,0.02857142857142857,,bi
365,CARMEN-I_IA_RADIOGRAFIA_22.txt,,,,1.0000000000000004,4,,0.25,,es
366,CARMEN-I_IA_RADIOGRAFIA_23.txt,,,,1.0,22,,0.045454545454545456,,es
367,CARMEN-I_IA_RADIOGRAFIA_24.txt,,,,1.0,34,,0.029411764705882353,,es
368,CARMEN-I_IA_RADIOGRAFIA_27.txt,,,,1.0000000000000002,4,,0.25,,es
369,CARMEN-I_IA_RADIOGRAFIA_28.txt,,,,1.0000000000000002,52,,0.019230769230769232,,es
370,CARMEN-I_IA_RADIOGRAFIA_29.txt,,,,0.9974185215312719,113,,0.008849557522123894,,es
371,CARMEN-I_IA_RADIOGRAFIA_3.txt,,,,1.0,4,,0.25,,es
372,CARMEN-I_IA_RADIOGRAFIA_30.txt,,,,1.0,28,,0.03571428571428571,,es
373,CARMEN-I_IA_RADIOGRAFIA_34.txt,,,,0.9673979202767193,0,,1.0,,es
374,CARMEN-I_IA_RADIOGRAFIA_35.txt,,,,1.0,3,,0.3333333333333333,,es
375,CARMEN-I_IA_RADIOGRAFIA_36.txt,,,,1.0000000000000002,16,,0.0625,,es
376,CARMEN-I_IA_RADIOGRAFIA_37.txt,,,,0.990895344785205,56,,0.017857142857142856,,es
377,CARMEN-I_IA_RADIOGRAFIA_38.txt,,,,1.0,66,,0.015151515151515152,,es
378,CARMEN-I_IA_RADIOGRAFIA_39.txt,,,,1.0,34,,0.029411764705882353,,es
379,CARMEN-I_IA_RADIOGRAFIA_4.txt,,,,0.9810095517793674,0,,1.0,,es
380,CARMEN-I_IA_RADIOGRAFIA_6.txt,,,,1.0000000000000002,70,,0.014285714285714285,,es
381,CARMEN-I_IA_RADIOGRAFIA_7.txt,,,,1.0,28,,0.03571428571428571,,es
382,CARMEN-I_IA_RADIOGRAFIA_8.txt,,,,0.9956180541559179,67,,0.014925373134328358,,bi
383,CARMEN-I_IA_RADIOGRAFIA_9.txt,,,,0.952678465844109,144,,0.006944444444444444,,bi
384,CARMEN-I_IA_SEGUIMIENTO_11.txt,,,,1.0000000000000002,7,,0.14285714285714285,,es
385,CARMEN-I_IA_SEGUIMIENTO_13.txt,,,,0.8491618548460863,221,,0.004524886877828055,,es
386,CARMEN-I_IA_SEGUIMIENTO_14.txt,,,,0.9227997068280434,63,,0.015873015873015872,,es
387,CARMEN-I_IA_SEGUIMIENTO_17.txt,,,,0.7681563269018088,0,,1.0,,es
388,CARMEN-I_IA_SEGUIMIENTO_19.txt,,,,0.7514171666155786,0,,1.0,,es
389,CARMEN-I_IA_SEGUIMIENTO_2.txt,,,,0.9345046627851994,68,,0.014705882352941176,,es
390,CARMEN-I_IA_SEGUIMIENTO_21.txt,,,,0.9513454696749869,0,,1.0,,es
391,CARMEN-I_IA_SEGUIMIENTO_22.txt,,,,0.9367579903899538,89,,0.011235955056179775,,es
392,CARMEN-I_IA_SEGUIMIENTO_24.txt,,,,0.43161341897075156,41,,0.024390243902439025,,es
393,CARMEN-I_IA_SEGUIMIENTO_26.txt,,,,0.9380016471247846,105,,0.009523809523809525,,es
394,CARMEN-I_IA_SEGUIMIENTO_28.txt,,,,0.9664892179885761,44,,0.022727272727272728,,es
395,CARMEN-I_IA_SEGUIMIENTO_29.txt,,,,0.7094885188895514,114,,0.008771929824561403,,cat
396,CARMEN-I_IA_SEGUIMIENTO_3.txt,,,,0.8078362117258153,0,,1.0,,es
397,CARMEN-I_IA_SEGUIMIENTO_31.txt,,,,0.9396761457209832,52,,0.019230769230769232,,es
398,CARMEN-I_IA_SEGUIMIENTO_32.txt,,,,0.8958999951937023,0,,1.0,,es
399,CARMEN-I_IA_SEGUIMIENTO_33.txt,,,,1.0000000000000002,9,,0.1111111111111111,,cat
400,CARMEN-I_IA_SEGUIMIENTO_34.txt,,,,1.0,3,,0.3333333333333333,,es
401,CARMEN-I_IA_SEGUIMIENTO_35.txt,,,,0.9509727177454326,39,,0.02564102564102564,,es
402,CARMEN-I_IA_SEGUIMIENTO_36.txt,,,,0.9129695646685388,90,,0.011111111111111112,,es
403,CARMEN-I_IA_SEGUIMIENTO_37.txt,,,,0.8768116741856177,95,,0.010526315789473684,,es
404,CARMEN-I_IA_SEGUIMIENTO_38.txt,,,,0.8954280247023845,133,,0.007518796992481203,,es
405,CARMEN-I_IA_SEGUIMIENTO_39.txt,,,,0.8350499057520979,25,,0.04,,es
406,CARMEN-I_IA_SEGUIMIENTO_40.txt,,,,0.8020403381228056,44,,0.022727272727272728,,es
407,CARMEN-I_IA_SEGUIMIENTO_5.txt,,,,1.0000000000000002,19,,0.05263157894736842,,es
408,CARMEN-I_IA_SEGUIMIENTO_7.txt,,,,0.763532421432037,93,,0.010752688172043012,,es
409,CARMEN-I_IA_SEGUIMIENTO_9.txt,,,,0.97445803805059,104,,0.009615384615384616,,es
410,CARMEN-I_IE_4.txt,,,,0.9786525458607296,0,,1.0,,es
411,CARMEN-I_IE_5.txt,,,,0.9753966822708667,0,,1.0,,es
412,CARMEN-I_IR_1.txt,,,,1.000000000000001,2,,0.5,,es
413,CARMEN-I_IR_10.txt,,,,1.0000000000000002,13,,0.07692307692307693,,es
414,CARMEN-I_IR_100.txt,,,,1.0000000000000002,14,,0.07142857142857142,,es
415,CARMEN-I_IR_1002.txt,,,,1.0000000000000004,2,,0.5,,es
416,CARMEN-I_IR_1003.txt,,,,1.0000000000000002,14,,0.07142857142857142,,es
417,CARMEN-I_IR_1006.txt,,,,1.0000000000000002,8,,0.125,,es
418,CARMEN-I_IR_1007.txt,,,,0.9878056414205184,0,,1.0,,es
419,CARMEN-I_IR_1008.txt,,,,0.9988515345928728,0,,1.0,,es
420,CARMEN-I_IR_1009.txt,,,,1.0000000000000004,3,,0.3333333333333333,,es
421,CARMEN-I_IR_101.txt,,,,1.0000000000000002,2,,0.5,,es
422,CARMEN-I_IR_1010.txt,,,,0.9910202105362346,31,,0.03225806451612903,,bi
423,CARMEN-I_IR_1011.txt,,,,1.0000000000000004,2,,0.5,,bi
424,CARMEN-I_IR_1012.txt,,,,0.9887107962841923,0,,1.0,,es
425,CARMEN-I_IR_1013.txt,,,,1.0,2,,0.5,,es
426,CARMEN-I_IR_1014.txt,,,,1.0000000000000002,2,,0.5,,es
427,CARMEN-I_IR_1016.txt,,,,0.9999999999999999,44,,0.022727272727272728,,es
428,CARMEN-I_IR_1017.txt,,,,0.9999999999999999,2,,0.5,,cat
429,CARMEN-I_IR_102.txt,,,,0.9695987368723573,0,,1.0,,es
430,CARMEN-I_IR_1021.txt,,,,0.9614138928527903,0,,1.0,,es
431,CARMEN-I_IR_1023.txt,,,,0.9990335831655991,34,,0.029411764705882353,,bi
432,CARMEN-I_IR_1024.txt,,,,1.0000000000000004,26,,0.038461538461538464,,es
433,CARMEN-I_IR_1025.txt,,,,0.9826851731131921,34,,0.029411764705882353,,es
434,CARMEN-I_IR_1028.txt,,,,1.0000000000000002,14,,0.07142857142857142,,es
435,CARMEN-I_IR_103.txt,,,,0.9633153100614427,0,,1.0,,es
436,CARMEN-I_IR_1031.txt,,,,1.0000000000000007,8,,0.125,,es
437,CARMEN-I_IR_1032.txt,,,,1.0000000000000002,2,,0.5,,es
438,CARMEN-I_IR_1033.txt,,,,1.0000000000000016,2,,0.5,,es
439,CARMEN-I_IR_1034.txt,,,,0.9930466702659805,20,,0.05,,es
440,CARMEN-I_IR_1036.txt,,,,1.0000000000000002,14,,0.07142857142857142,,es
441,CARMEN-I_IR_1039.txt,,,,1.0000000000000002,2,,0.5,,bi
442,CARMEN-I_IR_104.txt,,,,0.9984615497505155,40,,0.025,,es
443,CARMEN-I_IR_1040.txt,,,,0.9968891198287048,0,,1.0,,es
444,CARMEN-I_IR_1041.txt,,,,1.0000000000000002,2,,0.5,,es
445,CARMEN-I_IR_1042.txt,,,,0.994372913576373,27,,0.037037037037037035,,es
446,CARMEN-I_IR_1043.txt,,,,0.9843196907197506,0,,1.0,,es
447,CARMEN-I_IR_1044.txt,,,,1.0,14,,0.07142857142857142,,es
448,CARMEN-I_IR_1045.txt,,,,1.0000000000000002,20,,0.05,,es
449,CARMEN-I_IR_1047.txt,,,,1.0000000000000004,14,,0.07142857142857142,,es
450,CARMEN-I_IR_1049.txt,,,,0.9999999999999999,2,,0.5,,es
451,CARMEN-I_IR_105.txt,,,,0.9939946573915066,68,,0.014705882352941176,,es
452,CARMEN-I_IR_1050.txt,,,,0.9999999999999999,26,,0.038461538461538464,,es
453,CARMEN-I_IR_1051.txt,,,,0.9999999999999998,26,,0.038461538461538464,,es
454,CARMEN-I_IR_1052.txt,,,,0.9910140351986557,22,,0.045454545454545456,,es
455,CARMEN-I_IR_1053.txt,,,,0.9940713546885521,26,,0.038461538461538464,,es
456,CARMEN-I_IR_1056.txt,,,,1.0,8,,0.125,,es
457,CARMEN-I_IR_1058.txt,,,,0.9761037092442476,87,,0.011494252873563218,,es
458,CARMEN-I_IR_1059.txt,,,,1.0000000000000002,20,,0.05,,es
459,CARMEN-I_IR_106.txt,,,,0.9754835632351663,62,,0.016129032258064516,,es
460,CARMEN-I_IR_1060.txt,,,,1.0000000000000004,14,,0.07142857142857142,,es
461,CARMEN-I_IR_1061.txt,,,,1.0,2,,0.5,,es
462,CARMEN-I_IR_1062.txt,,,,0.9567041274680711,0,,1.0,,es
463,CARMEN-I_IR_1063.txt,,,,0.9860376212601196,43,,0.023255813953488372,,es
464,CARMEN-I_IR_1066.txt,,,,0.9999999999999996,3,,0.3333333333333333,,bi
465,CARMEN-I_IR_1067.txt,,,,0.9941341483762559,21,,0.047619047619047616,,es
466,CARMEN-I_IR_1068.txt,,,,1.0,8,,0.125,,es
467,CARMEN-I_IR_1069.txt,,,,0.9999999999999989,14,,0.07142857142857142,,es
468,CARMEN-I_IR_107.txt,,,,1.0,13,,0.07692307692307693,,es
469,CARMEN-I_IR_1070.txt,,,,1.0,8,,0.125,,es
470,CARMEN-I_IR_1071.txt,,,,0.9979614216125745,0,,1.0,,es
471,CARMEN-I_IR_1072.txt,,,,0.9683396257218039,124,,0.008064516129032258,,es
472,CARMEN-I_IR_1073.txt,,,,0.9976498158437211,0,,1.0,,es
473,CARMEN-I_IR_1074.txt,,,,1.0,7,,0.14285714285714285,,es
474,CARMEN-I_IR_1076.txt,,,,0.9671459356471948,0,,1.0,,es
475,CARMEN-I_IR_1077.txt,,,,1.0000000000000004,2,,0.5,,es
476,CARMEN-I_IR_1079.txt,,,,1.0,8,,0.125,,es
477,CARMEN-I_IR_1080.txt,,,,1.0,2,,0.5,,es
478,CARMEN-I_IR_1081.txt,,,,1.0,14,,0.07142857142857142,,es
479,CARMEN-I_IR_1083.txt,,,,0.9967294489279684,48,,0.020833333333333332,,es
480,CARMEN-I_IR_1084.txt,,,,1.0,14,,0.07142857142857142,,es
481,CARMEN-I_IR_1087.txt,,,,0.9874097791497078,0,,1.0,,bi
482,CARMEN-I_IR_1091.txt,,,,1.0000000000000002,2,,0.5,,es
483,CARMEN-I_IR_1093.txt,,,,0.9961440465596714,0,,1.0,,es
484,CARMEN-I_IR_1094.txt,,,,1.0,2,,0.5,,es
485,CARMEN-I_IR_1095.txt,,,,1.0000000000000004,8,,0.125,,es
486,CARMEN-I_IR_1096.txt,,,,1.0,8,,0.125,,es
487,CARMEN-I_IR_1097.txt,,,,1.0000000000000002,14,,0.07142857142857142,,es
488,CARMEN-I_IR_1099.txt,,,,0.9848045743834498,0,,1.0,,es
489,CARMEN-I_IR_11.txt,,,,0.9958111354919968,194,,0.005154639175257732,,bi
490,CARMEN-I_IR_1100.txt,,,,1.0000000000000002,20,,0.05,,es
491,CARMEN-I_IR_1102.txt,,,,1.0000000000000002,25,,0.04,,es
492,CARMEN-I_IR_1103.txt,,,,1.0000000000000002,2,,0.5,,es
493,CARMEN-I_IR_1104.txt,,,,0.998673361386565,0,,1.0,,es
494,CARMEN-I_IR_1105.txt,,,,0.9983086458288278,27,,0.037037037037037035,,es
495,CARMEN-I_IR_1106.txt,,,,0.9942068179608842,0,,1.0,,es
496,CARMEN-I_IR_1107.txt,,,,0.9999999999999999,2,,0.5,,es
497,CARMEN-I_IR_1108.txt,,,,0.9944035275924792,41,,0.024390243902439025,,es
498,CARMEN-I_IR_1109.txt,,,,0.9928537333370845,38,,0.02631578947368421,,bi
499,CARMEN-I_IR_1111.txt,,,,1.0,8,,0.125,,cat
500,CARMEN-I_IR_1112.txt,,,,1.0000000000000002,14,,0.07142857142857142,,es
501,CARMEN-I_IR_1113.txt,,,,0.9992213790776716,15,,0.06666666666666667,,bi
502,CARMEN-I_IR_1114.txt,,,,0.9999999999999999,2,,0.5,,es
503,CARMEN-I_IR_1115.txt,,,,1.0,2,,0.5,,es
504,CARMEN-I_IR_1116.txt,,,,0.9974411978106135,0,,1.0,,es
505,CARMEN-I_IR_1117.txt,,,,0.9981381689212692,36,,0.027777777777777776,,es
506,CARMEN-I_IR_1118.txt,,,,1.0,32,,0.03125,,es
507,CARMEN-I_IR_1119.txt,,,,0.9973233086744236,0,,1.0,,es
508,CARMEN-I_IR_112.txt,,,,1.0000000000000002,8,,0.125,,bi
509,CARMEN-I_IR_1120.txt,,,,0.9968035420391738,0,,1.0,,es
510,CARMEN-I_IR_1121.txt,,,,0.9954713122311885,0,,1.0,,es
511,CARMEN-I_IR_1123.txt,,,,1.0,20,,0.05,,es
512,CARMEN-I_IR_1124.txt,,,,1.0,2,,0.5,,es
513,CARMEN-I_IR_1126.txt,,,,0.9955165374468089,0,,1.0,,bi
514,CARMEN-I_IR_1127.txt,,,,1.0000000000000002,2,,0.5,,es
515,CARMEN-I_IR_1129.txt,,,,0.9989394926424454,32,,0.03125,,es
516,CARMEN-I_IR_113.txt,,,,0.9970949943672145,24,,0.041666666666666664,,es
517,CARMEN-I_IR_1130.txt,,,,0.9974521605306034,0,,1.0,,bi
518,CARMEN-I_IR_1133.txt,,,,0.9742129681706796,51,,0.0196078431372549,,es
519,CARMEN-I_IR_1136.txt,,,,0.9906548595343201,0,,1.0,,bi
520,CARMEN-I_IR_1137.txt,,,,1.0,8,,0.125,,es
521,CARMEN-I_IR_1138.txt,,,,0.9999999999999981,32,,0.03125,,es
522,CARMEN-I_IR_114.txt,,,,0.998655287392514,29,,0.034482758620689655,,bi
523,CARMEN-I_IR_1140.txt,,,,1.0000000000000002,15,,0.06666666666666667,,es
524,CARMEN-I_IR_1142.txt,,,,0.9999999999999999,2,,0.5,,bi
525,CARMEN-I_IR_1143.txt,,,,0.9705130545234668,0,,1.0,,bi
526,CARMEN-I_IR_1147.txt,,,,0.9796835017243202,68,,0.014705882352941176,,es
527,CARMEN-I_IR_1149.txt,,,,0.9872405764443266,41,,0.024390243902439025,,es
528,CARMEN-I_IR_115.txt,,,,0.9570352704572415,0,,1.0,,es
529,CARMEN-I_IR_1150.txt,,,,1.0,8,,0.125,,bi
530,CARMEN-I_IR_1151.txt,,,,1.000000000000001,2,,0.5,,es
531,CARMEN-I_IR_1152.txt,,,,0.996523500896057,60,,0.016666666666666666,,es
532,CARMEN-I_IR_1153.txt,,,,1.0,2,,0.5,,es
533,CARMEN-I_IR_1154.txt,,,,1.0000000000000002,38,,0.02631578947368421,,es
534,CARMEN-I_IR_1155.txt,,,,0.9994882526440919,14,,0.07142857142857142,,es
535,CARMEN-I_IR_116.txt,,,,1.0,14,,0.07142857142857142,,es
536,CARMEN-I_IR_1160.txt,,,,0.9928163295430171,25,,0.04,,es
537,CARMEN-I_IR_1167.txt,,,,1.0,8,,0.125,,es
538,CARMEN-I_IR_1168.txt,,,,1.0,8,,0.125,,bi
539,CARMEN-I_IR_1169.txt,,,,0.9969491777184951,0,,1.0,,es
540,CARMEN-I_IR_117.txt,,,,1.0,14,,0.07142857142857142,,es
541,CARMEN-I_IR_1171.txt,,,,0.9982051338175761,55,,0.01818181818181818,,es
542,CARMEN-I_IR_1172.txt,,,,0.9999999999999999,8,,0.125,,es
543,CARMEN-I_IR_1176.txt,,,,0.9942237583115305,0,,1.0,,es
544,CARMEN-I_IR_1178.txt,,,,1.0000000000000002,14,,0.07142857142857142,,es
545,CARMEN-I_IR_118.txt,,,,0.9955106877747636,36,,0.027777777777777776,,bi
546,CARMEN-I_IR_1180.txt,,,,1.0000000000000002,26,,0.038461538461538464,,es
547,CARMEN-I_IR_1181.txt,,,,0.9971381189981892,40,,0.025,,es
548,CARMEN-I_IR_1182.txt,,,,1.0000000000000002,2,,0.5,,es
549,CARMEN-I_IR_1183.txt,,,,0.9896045725870223,0,,1.0,,es
550,CARMEN-I_IR_1185.txt,,,,0.9931643571260034,24,,0.041666666666666664,,es
551,CARMEN-I_IR_1187.txt,,,,1.0,2,,0.5,,es
552,CARMEN-I_IR_1189.txt,,,,0.9999999999999998,14,,0.07142857142857142,,es
553,CARMEN-I_IR_119.txt,,,,0.9924018476921611,0,,1.0,,es
554,CARMEN-I_IR_1191.txt,,,,0.9464444061953927,0,,1.0,,es
555,CARMEN-I_IR_1192.txt,,,,0.9952283819430627,4,,0.25,,es
556,CARMEN-I_IR_1193.txt,,,,1.0000000000000002,7,,0.14285714285714285,,bi
557,CARMEN-I_IR_1194.txt,,,,0.9989333917489094,39,,0.02564102564102564,,es
558,CARMEN-I_IR_1196.txt,,,,0.9999999999999999,14,,0.07142857142857142,,bi
559,CARMEN-I_IR_1197.txt,,,,0.9980265925576536,53,,0.018867924528301886,,es
560,CARMEN-I_IR_1199.txt,,,,0.989263059635174,0,,1.0,,es
561,CARMEN-I_IR_12.txt,,,,1.0000000000000002,2,,0.5,,es
562,CARMEN-I_IR_120.txt,,,,0.9966058146094544,40,,0.025,,bi
563,CARMEN-I_IR_1200.txt,,,,1.0000000000000002,8,,0.125,,es
564,CARMEN-I_IR_1201.txt,,,,0.9923725084024143,0,,1.0,,es
565,CARMEN-I_IR_121.txt,,,,0.9999999999999998,8,,0.125,,cat
566,CARMEN-I_IR_122.txt,,,,1.0000000000000002,14,,0.07142857142857142,,es
567,CARMEN-I_IR_124.txt,,,,1.0000000000000002,8,,0.125,,es
568,CARMEN-I_IR_125.txt,,,,0.9931113335370824,15,,0.06666666666666667,,es
569,CARMEN-I_IR_126.txt,,,,1.0,14,,0.07142857142857142,,es
570,CARMEN-I_IR_127.txt,,,,0.9643102720762311,0,,1.0,,bi
571,CARMEN-I_IR_128.txt,,,,1.0000000000000002,14,,0.07142857142857142,,es
572,CARMEN-I_IR_13.txt,,,,1.0000000000000002,8,,0.125,,bi
573,CARMEN-I_IR_131.txt,,,,0.9993218077696083,40,,0.025,,es
574,CARMEN-I_IR_132.txt,,,,1.0000000000000004,2,,0.5,,es
575,CARMEN-I_IR_134.txt,,,,1.0,8,,0.125,,es
576,CARMEN-I_IR_135.txt,,,,1.0,8,,0.125,,es
577,CARMEN-I_IR_136.txt,,,,1.0000000000000002,8,,0.125,,es
578,CARMEN-I_IR_137.txt,,,,1.0000000000000002,2,,0.5,,bi
579,CARMEN-I_IR_139.txt,,,,1.0,2,,0.5,,es
580,CARMEN-I_IR_14.txt,,,,0.9957709330927967,0,,1.0,,es
581,CARMEN-I_IR_141.txt,,,,0.9999999999999999,26,,0.038461538461538464,,es
582,CARMEN-I_IR_143.txt,,,,1.0000000000000002,14,,0.07142857142857142,,es
583,CARMEN-I_IR_144.txt,,,,0.9999999999999998,8,,0.125,,bi
584,CARMEN-I_IR_146.txt,,,,0.9770980939424609,0,,1.0,,bi
585,CARMEN-I_IR_147.txt,,,,0.9852705498488198,0,,1.0,,es
586,CARMEN-I_IR_148.txt,,,,1.0000000000000004,8,,0.125,,es
587,CARMEN-I_IR_149.txt,,,,0.9955172745180972,79,,0.012658227848101266,,es
588,CARMEN-I_IR_152.txt,,,,0.9717835081574179,0,,1.0,,es
589,CARMEN-I_IR_153.txt,,,,1.0,2,,0.5,,es
590,CARMEN-I_IR_156.txt,,,,1.0,2,,0.5,,es
591,CARMEN-I_IR_157.txt,,,,0.9915074641992729,23,,0.043478260869565216,,bi
592,CARMEN-I_IR_158.txt,,,,0.9946318897017906,0,,1.0,,es
593,CARMEN-I_IR_16.txt,,,,0.9999999999999998,14,,0.07142857142857142,,es
594,CARMEN-I_IR_160.txt,,,,0.9996046944323715,40,,0.025,,es
595,CARMEN-I_IR_161.txt,,,,0.9800787648460508,0,,1.0,,es
596,CARMEN-I_IR_163.txt,,,,0.9999999999999997,2,,0.5,,es
597,CARMEN-I_IR_164.txt,,,,1.0,14,,0.07142857142857142,,es
598,CARMEN-I_IR_165.txt,,,,1.0000000000000009,2,,0.5,,es
599,CARMEN-I_IR_168.txt,,,,1.0000000000000004,1,,1.0,,es
600,CARMEN-I_IR_169.txt,,,,1.0,20,,0.05,,es
601,CARMEN-I_IR_170.txt,,,,1.0000000000000002,2,,0.5,,es
602,CARMEN-I_IR_172.txt,,,,1.0,2,,0.5,,es
603,CARMEN-I_IR_174.txt,,,,1.0000000000000002,2,,0.5,,es
604,CARMEN-I_IR_175.txt,,,,0.9823592202690801,0,,1.0,,es
605,CARMEN-I_IR_176.txt,,,,1.0,14,,0.07142857142857142,,es
606,CARMEN-I_IR_178.txt,,,,0.9981451667472159,26,,0.038461538461538464,,es
607,CARMEN-I_IR_18.txt,,,,1.0,2,,0.5,,es
608,CARMEN-I_IR_181.txt,,,,1.0,26,,0.038461538461538464,,es
609,CARMEN-I_IR_182.txt,,,,0.9999999999999999,2,,0.5,,bi
610,CARMEN-I_IR_183.txt,,,,0.9999999999999992,8,,0.125,,es
611,CARMEN-I_IR_184.txt,,,,1.0,2,,0.5,,es
612,CARMEN-I_IR_188.txt,,,,0.9806996524675258,0,,1.0,,bi
613,CARMEN-I_IR_189.txt,,,,1.0,20,,0.05,,es
614,CARMEN-I_IR_191.txt,,,,0.9985664967115205,34,,0.029411764705882353,,es
615,CARMEN-I_IR_192.txt,,,,1.0,2,,0.5,,es
616,CARMEN-I_IR_193.txt,,,,1.0000000000000002,2,,0.5,,cat
617,CARMEN-I_IR_194.txt,,,,0.9993567060316302,43,,0.023255813953488372,,es
618,CARMEN-I_IR_197.txt,,,,0.9938697179492189,72,,0.013888888888888888,,es
619,CARMEN-I_IR_199.txt,,,,1.0,8,,0.125,,es
620,CARMEN-I_IR_2.txt,,,,1.0,2,,0.5,,bi
621,CARMEN-I_IR_20.txt,,,,0.9999999999999999,2,,0.5,,bi
622,CARMEN-I_IR_200.txt,,,,0.9976847392492226,21,,0.047619047619047616,,es
623,CARMEN-I_IR_201.txt,,,,0.8093817040356577,0,,1.0,,es
624,CARMEN-I_IR_203.txt,,,,0.9981406398013837,15,,0.06666666666666667,,bi
625,CARMEN-I_IR_205.txt,,,,1.0000000000000007,8,,0.125,,cat
626,CARMEN-I_IR_206.txt,,,,0.999999999999999,8,,0.125,,bi
627,CARMEN-I_IR_207.txt,,,,0.9999999999999999,20,,0.05,,es
628,CARMEN-I_IR_210.txt,,,,1.0000000000000004,2,,0.5,,es
629,CARMEN-I_IR_211.txt,,,,0.9935323593211913,30,,0.03333333333333333,,es
630,CARMEN-I_IR_212.txt,,,,1.0000000000000002,2,,0.5,,es
631,CARMEN-I_IR_213.txt,,,,1.0000000000000002,8,,0.125,,es
632,CARMEN-I_IR_215.txt,,,,1.0000000000000002,2,,0.5,,bi
633,CARMEN-I_IR_216.txt,,,,1.0000000000000002,20,,0.05,,es
634,CARMEN-I_IR_217.txt,,,,1.0000000000000009,2,,0.5,,es
635,CARMEN-I_IR_218.txt,,,,0.9950554801995839,45,,0.022222222222222223,,bi
636,CARMEN-I_IR_219.txt,,,,0.999013860569595,68,,0.014705882352941176,,es
637,CARMEN-I_IR_22.txt,,,,1.0000000000000002,2,,0.5,,bi
638,CARMEN-I_IR_220.txt,,,,1.0000000000000002,2,,0.5,,es
639,CARMEN-I_IR_222.txt,,,,0.9965555710939452,55,,0.01818181818181818,,es
640,CARMEN-I_IR_223.txt,,,,1.0,8,,0.125,,bi
641,CARMEN-I_IR_225.txt,,,,1.0,2,,0.5,,es
642,CARMEN-I_IR_226.txt,,,,1.0000000000000002,2,,0.5,,es
643,CARMEN-I_IR_227.txt,,,,1.0000000000000002,2,,0.5,,es
644,CARMEN-I_IR_228.txt,,,,1.0000000000000002,8,,0.125,,es
645,CARMEN-I_IR_229.txt,,,,0.9999999999999996,14,,0.07142857142857142,,es
646,CARMEN-I_IR_23.txt,,,,0.9980442424718972,62,,0.016129032258064516,,es
647,CARMEN-I_IR_230.txt,,,,0.9842674434463046,0,,1.0,,es
648,CARMEN-I_IR_232.txt,,,,1.0,2,,0.5,,es
649,CARMEN-I_IR_234.txt,,,,1.0,2,,0.5,,es
650,CARMEN-I_IR_235.txt,,,,0.9999999999999997,1,,1.0,,bi
651,CARMEN-I_IR_237.txt,,,,0.9956125306155255,30,,0.03333333333333333,,bi
652,CARMEN-I_IR_24.txt,,,,1.0,8,,0.125,,es
653,CARMEN-I_IR_240.txt,,,,1.0,20,,0.05,,es
654,CARMEN-I_IR_242.txt,,,,1.0000000000000007,26,,0.038461538461538464,,es
655,CARMEN-I_IR_243.txt,,,,0.9949605701992178,0,,1.0,,es
656,CARMEN-I_IR_244.txt,,,,1.0000000000000002,2,,0.5,,es
657,CARMEN-I_IR_248.txt,,,,0.9952639530293487,0,,1.0,,bi
658,CARMEN-I_IR_25.txt,,,,0.9999999999999989,2,,0.5,,es
659,CARMEN-I_IR_250.txt,,,,1.0000000000000002,2,,0.5,,es
660,CARMEN-I_IR_251.txt,,,,0.9965403583914606,55,,0.01818181818181818,,es
661,CARMEN-I_IR_252.txt,,,,0.9927550146899633,0,,1.0,,es
662,CARMEN-I_IR_254.txt,,,,0.9624068120978015,32,,0.03125,,es
663,CARMEN-I_IR_259.txt,,,,1.0,2,,0.5,,es
664,CARMEN-I_IR_261.txt,,,,0.9905709012577097,27,,0.037037037037037035,,es
665,CARMEN-I_IR_262.txt,,,,1.0000000000000004,2,,0.5,,es
666,CARMEN-I_IR_263.txt,,,,0.9999999999999992,2,,0.5,,bi
667,CARMEN-I_IR_264.txt,,,,1.0000000000000002,2,,0.5,,es
668,CARMEN-I_IR_265.txt,,,,1.0,2,,0.5,,bi
669,CARMEN-I_IR_268.txt,,,,1.0,2,,0.5,,es
670,CARMEN-I_IR_269.txt,,,,1.0,9,,0.1111111111111111,,es
671,CARMEN-I_IR_27.txt,,,,1.0000000000000002,20,,0.05,,bi
672,CARMEN-I_IR_273.txt,,,,1.0000000000000002,8,,0.125,,es
673,CARMEN-I_IR_274.txt,,,,1.0000000000000004,2,,0.5,,es
674,CARMEN-I_IR_276.txt,,,,0.9999999999999999,14,,0.07142857142857142,,es
675,CARMEN-I_IR_277.txt,,,,1.0000000000000007,2,,0.5,,es
676,CARMEN-I_IR_279.txt,,,,0.9989711679431441,8,,0.125,,bi
677,CARMEN-I_IR_280.txt,,,,0.9999999999999999,2,,0.5,,es
678,CARMEN-I_IR_281.txt,,,,0.9999999999999999,8,,0.125,,es
679,CARMEN-I_IR_284.txt,,,,1.0000000000000002,8,,0.125,,bi
680,CARMEN-I_IR_285.txt,,,,1.0,2,,0.5,,es
681,CARMEN-I_IR_286.txt,,,,1.0000000000000002,8,,0.125,,es
682,CARMEN-I_IR_287.txt,,,,1.0000000000000002,6,,0.16666666666666666,,bi
683,CARMEN-I_IR_29.txt,,,,1.0000000000000002,8,,0.125,,es
684,CARMEN-I_IR_290.txt,,,,1.0,1,,1.0,,cat
685,CARMEN-I_IR_291.txt,,,,1.0000000000000002,8,,0.125,,es
686,CARMEN-I_IR_293.txt,,,,0.9965130736811968,0,,1.0,,es
687,CARMEN-I_IR_294.txt,,,,0.9993790168222516,30,,0.03333333333333333,,es
688,CARMEN-I_IR_298.txt,,,,1.0000000000000004,2,,0.5,,es
689,CARMEN-I_IR_3.txt,,,,0.9999999999999993,2,,0.5,,bi
690,CARMEN-I_IR_30.txt,,,,1.0000000000000002,14,,0.07142857142857142,,es
691,CARMEN-I_IR_302.txt,,,,0.9991769827468346,27,,0.037037037037037035,,es
692,CARMEN-I_IR_305.txt,,,,0.986633857911258,0,,1.0,,es
693,CARMEN-I_IR_306.txt,,,,1.0,26,,0.038461538461538464,,es
694,CARMEN-I_IR_308.txt,,,,0.9999999999999999,8,,0.125,,es
695,CARMEN-I_IR_309.txt,,,,1.0000000000000002,1,,1.0,,es
696,CARMEN-I_IR_31.txt,,,,1.0000000000000002,2,,0.5,,bi
697,CARMEN-I_IR_310.txt,,,,0.9981827258525128,95,,0.010526315789473684,,es
698,CARMEN-I_IR_313.txt,,,,0.9833942527166392,14,,0.07142857142857142,,bi
699,CARMEN-I_IR_314.txt,,,,0.9981307803599779,33,,0.030303030303030304,,es
700,CARMEN-I_IR_315.txt,,,,1.0,8,,0.125,,es
701,CARMEN-I_IR_316.txt,,,,0.9976765590633319,0,,1.0,,es
702,CARMEN-I_IR_317.txt,,,,1.0,8,,0.125,,es
703,CARMEN-I_IR_318.txt,,,,1.0000000000000002,2,,0.5,,es
704,CARMEN-I_IR_319.txt,,,,1.0000000000000002,8,,0.125,,es
705,CARMEN-I_IR_320.txt,,,,1.0,2,,0.5,,es
706,CARMEN-I_IR_321.txt,,,,0.994834580139689,0,,1.0,,es
707,CARMEN-I_IR_322.txt,,,,1.0,20,,0.05,,es
708,CARMEN-I_IR_323.txt,,,,1.0,8,,0.125,,es
709,CARMEN-I_IR_324.txt,,,,0.953523245929357,0,,1.0,,es
710,CARMEN-I_IR_326.txt,,,,0.991685967016809,48,,0.020833333333333332,,es
711,CARMEN-I_IR_328.txt,,,,0.9988114551811487,46,,0.021739130434782608,,es
712,CARMEN-I_IR_329.txt,,,,0.9680461343329373,0,,1.0,,es
713,CARMEN-I_IR_330.txt,,,,1.0000000000000002,8,,0.125,,bi
714,CARMEN-I_IR_331.txt,,,,0.9982738940490182,21,,0.047619047619047616,,es
715,CARMEN-I_IR_333.txt,,,,1.0,8,,0.125,,es
716,CARMEN-I_IR_334.txt,,,,1.0000000000000004,50,,0.02,,es
717,CARMEN-I_IR_337.txt,,,,1.0000000000000002,14,,0.07142857142857142,,es
718,CARMEN-I_IR_339.txt,,,,0.992739409563756,17,,0.058823529411764705,,bi
719,CARMEN-I_IR_341.txt,,,,0.9999999999999999,14,,0.07142857142857142,,es
720,CARMEN-I_IR_342.txt,,,,0.9999999999999999,14,,0.07142857142857142,,bi
721,CARMEN-I_IR_343.txt,,,,1.0000000000000002,2,,0.5,,es
722,CARMEN-I_IR_344.txt,,,,0.9312698576659956,0,,1.0,,es
723,CARMEN-I_IR_345.txt,,,,0.991410678043294,20,,0.05,,es
724,CARMEN-I_IR_348.txt,,,,0.9980711245499423,21,,0.047619047619047616,,es
725,CARMEN-I_IR_350.txt,,,,1.0000000000000002,26,,0.038461538461538464,,es
726,CARMEN-I_IR_351.txt,,,,0.9267909291179354,0,,1.0,,es
727,CARMEN-I_IR_352.txt,,,,0.9981521026815731,15,,0.06666666666666667,,es
728,CARMEN-I_IR_353.txt,,,,0.9824281956083901,51,,0.0196078431372549,,es
729,CARMEN-I_IR_354.txt,,,,1.0000000000000002,2,,0.5,,es
730,CARMEN-I_IR_355.txt,,,,0.9990137184493364,46,,0.021739130434782608,,es
731,CARMEN-I_IR_356.txt,,,,1.0000000000000002,2,,0.5,,es
732,CARMEN-I_IR_357.txt,,,,0.9956295575676105,54,,0.018518518518518517,,es
733,CARMEN-I_IR_358.txt,,,,0.9988248892578576,49,,0.02040816326530612,,bi
734,CARMEN-I_IR_359.txt,,,,1.0000000000000002,2,,0.5,,bi
735,CARMEN-I_IR_36.txt,,,,1.0000000000000002,7,,0.14285714285714285,,es
736,CARMEN-I_IR_361.txt,,,,1.0000000000000002,2,,0.5,,es
737,CARMEN-I_IR_363.txt,,,,1.0,2,,0.5,,es
738,CARMEN-I_IR_368.txt,,,,0.9999999999999999,8,,0.125,,es
739,CARMEN-I_IR_37.txt,,,,1.0,8,,0.125,,es
740,CARMEN-I_IR_370.txt,,,,0.9986224782771401,36,,0.027777777777777776,,es
741,CARMEN-I_IR_371.txt,,,,1.0,14,,0.07142857142857142,,es
742,CARMEN-I_IR_372.txt,,,,0.9999999999999984,2,,0.5,,es
743,CARMEN-I_IR_376.txt,,,,1.0,8,,0.125,,es
744,CARMEN-I_IR_377.txt,,,,0.9898758882902786,0,,1.0,,es
745,CARMEN-I_IR_378.txt,,,,1.0,8,,0.125,,es
746,CARMEN-I_IR_382.txt,,,,0.9976163160097655,53,,0.018867924528301886,,es
747,CARMEN-I_IR_383.txt,,,,1.0000000000000002,8,,0.125,,es
748,CARMEN-I_IR_384.txt,,,,1.0000000000000004,8,,0.125,,bi
749,CARMEN-I_IR_385.txt,,,,0.9842877002416403,72,,0.013888888888888888,,es
750,CARMEN-I_IR_386.txt,,,,1.0,2,,0.5,,es
751,CARMEN-I_IR_387.txt,,,,1.0,14,,0.07142857142857142,,es
752,CARMEN-I_IR_389.txt,,,,0.9903457390806996,124,,0.008064516129032258,,es
753,CARMEN-I_IR_39.txt,,,,1.0,2,,0.5,,es
754,CARMEN-I_IR_390.txt,,,,1.0000000000000002,2,,0.5,,es
755,CARMEN-I_IR_392.txt,,,,1.0000000000000002,2,,0.5,,es
756,CARMEN-I_IR_395.txt,,,,1.0000000000000002,8,,0.125,,es
757,CARMEN-I_IR_396.txt,,,,1.0000000000000004,14,,0.07142857142857142,,es
758,CARMEN-I_IR_397.txt,,,,1.0,14,,0.07142857142857142,,es
759,CARMEN-I_IR_399.txt,,,,0.9252173029640618,0,,1.0,,es
760,CARMEN-I_IR_4.txt,,,,1.0000000000000004,2,,0.5,,bi
761,CARMEN-I_IR_40.txt,,,,0.9999999999999998,2,,0.5,,es
762,CARMEN-I_IR_400.txt,,,,0.9837298221623749,39,,0.02564102564102564,,es
763,CARMEN-I_IR_401.txt,,,,1.0000000000000004,2,,0.5,,bi
764,CARMEN-I_IR_402.txt,,,,1.0000000000000002,1,,1.0,,es
765,CARMEN-I_IR_404.txt,,,,0.9966404506073089,0,,1.0,,es
766,CARMEN-I_IR_407.txt,,,,0.9928840788928959,0,,1.0,,es
767,CARMEN-I_IR_410.txt,,,,0.9985114024939115,0,,1.0,,es
768,CARMEN-I_IR_412.txt,,,,1.0000000000000002,2,,0.5,,es
769,CARMEN-I_IR_413.txt,,,,1.0,8,,0.125,,es
770,CARMEN-I_IR_414.txt,,,,1.0000000000000002,2,,0.5,,es
771,CARMEN-I_IR_416.txt,,,,0.9975415560680617,0,,1.0,,es
772,CARMEN-I_IR_417.txt,,,,0.9999999999999999,14,,0.07142857142857142,,es
773,CARMEN-I_IR_42.txt,,,,0.9985012373738006,34,,0.029411764705882353,,es
774,CARMEN-I_IR_420.txt,,,,1.0000000000000002,13,,0.07692307692307693,,es
775,CARMEN-I_IR_421.txt,,,,0.9951423871925609,15,,0.06666666666666667,,bi
776,CARMEN-I_IR_422.txt,,,,0.9859552160345076,49,,0.02040816326530612,,es
777,CARMEN-I_IR_423.txt,,,,0.9999999999999999,2,,0.5,,es
778,CARMEN-I_IR_424.txt,,,,0.9141548705181156,0,,1.0,,es
779,CARMEN-I_IR_425.txt,,,,1.0000000000000002,8,,0.125,,es
780,CARMEN-I_IR_427.txt,,,,1.0,14,,0.07142857142857142,,bi
781,CARMEN-I_IR_428.txt,,,,0.9949952459520164,75,,0.013333333333333334,,es
782,CARMEN-I_IR_429.txt,,,,0.9999999999999998,8,,0.125,,bi
783,CARMEN-I_IR_432.txt,,,,0.9898688098226395,0,,1.0,,es
784,CARMEN-I_IR_433.txt,,,,1.0,2,,0.5,,es
785,CARMEN-I_IR_434.txt,,,,0.9985090803562344,0,,1.0,,es
786,CARMEN-I_IR_436.txt,,,,0.9932113414722227,22,,0.045454545454545456,,es
787,CARMEN-I_IR_437.txt,,,,1.0000000000000002,13,,0.07692307692307693,,bi
788,CARMEN-I_IR_439.txt,,,,0.9986670951079758,0,,1.0,,es
789,CARMEN-I_IR_44.txt,,,,0.9591729490434279,0,,1.0,,es
790,CARMEN-I_IR_440.txt,,,,1.0,14,,0.07142857142857142,,es
791,CARMEN-I_IR_441.txt,,,,0.9815296719755022,0,,1.0,,es
792,CARMEN-I_IR_442.txt,,,,0.9992229145007389,0,,1.0,,es
793,CARMEN-I_IR_443.txt,,,,1.0,20,,0.05,,es
794,CARMEN-I_IR_444.txt,,,,0.9999999999999999,14,,0.07142857142857142,,bi
795,CARMEN-I_IR_445.txt,,,,0.9600333717404709,147,,0.006802721088435374,,es
796,CARMEN-I_IR_447.txt,,,,1.0,8,,0.125,,es
797,CARMEN-I_IR_448.txt,,,,0.991520679927215,9,,0.1111111111111111,,es
798,CARMEN-I_IR_449.txt,,,,0.8692469744369846,0,,1.0,,es
799,CARMEN-I_IR_451.txt,,,,1.0000000000000004,8,,0.125,,es
800,CARMEN-I_IR_452.txt,,,,0.9878795634664042,37,,0.02702702702702703,,bi
801,CARMEN-I_IR_453.txt,,,,1.0000000000000002,2,,0.5,,es
802,CARMEN-I_IR_455.txt,,,,0.9999999999999999,20,,0.05,,es
803,CARMEN-I_IR_456.txt,,,,1.0,14,,0.07142857142857142,,es
804,CARMEN-I_IR_458.txt,,,,1.0000000000000002,2,,0.5,,es
805,CARMEN-I_IR_459.txt,,,,1.0000000000000007,14,,0.07142857142857142,,es
806,CARMEN-I_IR_460.txt,,,,0.9801337273720951,0,,1.0,,es
807,CARMEN-I_IR_461.txt,,,,0.9418000271838927,0,,1.0,,es
808,CARMEN-I_IR_462.txt,,,,0.9999999999999998,33,,0.030303030303030304,,es
809,CARMEN-I_IR_463.txt,,,,1.0000000000000002,14,,0.07142857142857142,,es
810,CARMEN-I_IR_464.txt,,,,1.0000000000000007,8,,0.125,,es
811,CARMEN-I_IR_466.txt,,,,0.9999999999999992,8,,0.125,,es
812,CARMEN-I_IR_467.txt,,,,1.0,26,,0.038461538461538464,,es
813,CARMEN-I_IR_468.txt,,,,0.992969730990785,0,,1.0,,bi
814,CARMEN-I_IR_469.txt,,,,1.0000000000000002,2,,0.5,,es
815,CARMEN-I_IR_47.txt,,,,1.0000000000000002,20,,0.05,,es
816,CARMEN-I_IR_470.txt,,,,1.0000000000000002,8,,0.125,,es
817,CARMEN-I_IR_472.txt,,,,0.9976794152912567,48,,0.020833333333333332,,es
818,CARMEN-I_IR_473.txt,,,,1.0000000000000002,8,,0.125,,es
819,CARMEN-I_IR_474.txt,,,,1.0000000000000004,8,,0.125,,es
820,CARMEN-I_IR_48.txt,,,,1.0000000000000002,2,,0.5,,bi
821,CARMEN-I_IR_481.txt,,,,0.9788404315310768,0,,1.0,,es
822,CARMEN-I_IR_482.txt,,,,0.9999999999999998,7,,0.14285714285714285,,es
823,CARMEN-I_IR_483.txt,,,,0.9952431539235939,27,,0.037037037037037035,,bi
824,CARMEN-I_IR_484.txt,,,,0.9999999999999999,1,,1.0,,es
825,CARMEN-I_IR_485.txt,,,,1.0000000000000002,20,,0.05,,bi
826,CARMEN-I_IR_486.txt,,,,0.9991230879588671,40,,0.025,,es
827,CARMEN-I_IR_487.txt,,,,0.9999999999999998,2,,0.5,,es
828,CARMEN-I_IR_489.txt,,,,1.0,9,,0.1111111111111111,,bi
829,CARMEN-I_IR_49.txt,,,,1.0000000000000002,2,,0.5,,es
830,CARMEN-I_IR_493.txt,,,,0.998703725564105,55,,0.01818181818181818,,es
831,CARMEN-I_IR_494.txt,,,,1.0,2,,0.5,,cat
832,CARMEN-I_IR_495.txt,,,,1.0,8,,0.125,,es
833,CARMEN-I_IR_498.txt,,,,1.0000000000000002,0,,1.0,,es
834,CARMEN-I_IR_499.txt,,,,0.9983202605394245,14,,0.07142857142857142,,es
835,CARMEN-I_IR_5.txt,,,,1.0000000000000002,14,,0.07142857142857142,,es
836,CARMEN-I_IR_50.txt,,,,0.9965344927190745,0,,1.0,,es
837,CARMEN-I_IR_500.txt,,,,1.0000000000000002,2,,0.5,,es
838,CARMEN-I_IR_502.txt,,,,0.9826957743433066,76,,0.013157894736842105,,es
839,CARMEN-I_IR_503.txt,,,,0.9971617784728803,0,,1.0,,es
840,CARMEN-I_IR_507.txt,,,,0.9982139455441257,40,,0.025,,es
841,CARMEN-I_IR_508.txt,,,,0.9999999999999998,3,,0.3333333333333333,,es
842,CARMEN-I_IR_51.txt,,,,1.0000000000000002,14,,0.07142857142857142,,es
843,CARMEN-I_IR_510.txt,,,,0.9955606602530143,15,,0.06666666666666667,,es
844,CARMEN-I_IR_512.txt,,,,0.986582932835044,0,,1.0,,bi
845,CARMEN-I_IR_516.txt,,,,1.0000000000000002,2,,0.5,,bi
846,CARMEN-I_IR_517.txt,,,,1.0,14,,0.07142857142857142,,es
847,CARMEN-I_IR_518.txt,,,,0.9845777746900802,0,,1.0,,es
848,CARMEN-I_IR_52.txt,,,,1.0000000000000002,14,,0.07142857142857142,,es
849,CARMEN-I_IR_520.txt,,,,1.0000000000000002,2,,0.5,,es
850,CARMEN-I_IR_521.txt,,,,0.9888372480686146,12,,0.08333333333333333,,es
851,CARMEN-I_IR_523.txt,,,,1.0000000000000004,8,,0.125,,es
852,CARMEN-I_IR_524.txt,,,,0.988739235706518,14,,0.07142857142857142,,es
853,CARMEN-I_IR_527.txt,,,,0.9999999999999997,8,,0.125,,bi
854,CARMEN-I_IR_530.txt,,,,0.9862266503541182,21,,0.047619047619047616,,es
855,CARMEN-I_IR_533.txt,,,,0.9957003592797564,28,,0.03571428571428571,,es
856,CARMEN-I_IR_534.txt,,,,0.5932561109636221,971,,0.0010298661174047373,,es
857,CARMEN-I_IR_535.txt,,,,1.0,2,,0.5,,es
858,CARMEN-I_IR_537.txt,,,,0.999816766015527,81,,0.012345679012345678,,es
859,CARMEN-I_IR_538.txt,,,,0.9123438911491996,0,,1.0,,es
860,CARMEN-I_IR_539.txt,,,,1.0000000000000002,0,,1.0,,bi
861,CARMEN-I_IR_54.txt,,,,0.9928124385469701,47,,0.02127659574468085,,es
862,CARMEN-I_IR_540.txt,,,,0.998810739610727,0,,1.0,,es
863,CARMEN-I_IR_542.txt,,,,1.0,8,,0.125,,es
864,CARMEN-I_IR_543.txt,,,,0.9965823244346905,43,,0.023255813953488372,,es
865,CARMEN-I_IR_546.txt,,,,1.0000000000000002,8,,0.125,,es
866,CARMEN-I_IR_548.txt,,,,0.9103225683659706,0,,1.0,,bi
867,CARMEN-I_IR_550.txt,,,,1.0,8,,0.125,,es
868,CARMEN-I_IR_552.txt,,,,0.9964756126510314,86,,0.011627906976744186,,cat
869,CARMEN-I_IR_553.txt,,,,0.9890244282575213,0,,1.0,,bi
870,CARMEN-I_IR_554.txt,,,,1.0000000000000002,2,,0.5,,bi
871,CARMEN-I_IR_555.txt,,,,1.0,2,,0.5,,es
872,CARMEN-I_IR_556.txt,,,,0.9600793271417261,0,,1.0,,es
873,CARMEN-I_IR_558.txt,,,,1.0000000000000002,14,,0.07142857142857142,,es
874,CARMEN-I_IR_559.txt,,,,1.0000000000000018,8,,0.125,,es
875,CARMEN-I_IR_560.txt,,,,1.0000000000000002,8,,0.125,,es
876,CARMEN-I_IR_561.txt,,,,0.9999999999999998,2,,0.5,,es
877,CARMEN-I_IR_562.txt,,,,1.0,15,,0.06666666666666667,,es
878,CARMEN-I_IR_563.txt,,,,1.0000000000000016,2,,0.5,,es
879,CARMEN-I_IR_565.txt,,,,1.0000000000000002,14,,0.07142857142857142,,es
880,CARMEN-I_IR_567.txt,,,,1.0000000000000002,2,,0.5,,bi
881,CARMEN-I_IR_570.txt,,,,0.9906774366687789,27,,0.037037037037037035,,es
882,CARMEN-I_IR_571.txt,,,,0.9990467152252526,45,,0.022222222222222223,,bi
883,CARMEN-I_IR_572.txt,,,,0.8713277972092016,0,,1.0,,es
884,CARMEN-I_IR_575.txt,,,,1.0000000000000002,8,,0.125,,bi
885,CARMEN-I_IR_576.txt,,,,1.0000000000000004,14,,0.07142857142857142,,es
886,CARMEN-I_IR_577.txt,,,,0.9950798168359882,0,,1.0,,bi
887,CARMEN-I_IR_579.txt,,,,1.0000000000000004,8,,0.125,,es
888,CARMEN-I_IR_58.txt,,,,1.0,2,,0.5,,es
889,CARMEN-I_IR_580.txt,,,,0.9939302142476889,45,,0.022222222222222223,,es
890,CARMEN-I_IR_582.txt,,,,1.0,2,,0.5,,es
891,CARMEN-I_IR_583.txt,,,,0.9901841861103993,52,,0.019230769230769232,,es
892,CARMEN-I_IR_585.txt,,,,0.9768191430473186,0,,1.0,,es
893,CARMEN-I_IR_586.txt,,,,0.989762886111858,12,,0.08333333333333333,,es
894,CARMEN-I_IR_587.txt,,,,1.0,20,,0.05,,es
895,CARMEN-I_IR_589.txt,,,,1.0,7,,0.14285714285714285,,es
896,CARMEN-I_IR_590.txt,,,,0.996943765264964,49,,0.02040816326530612,,es
897,CARMEN-I_IR_592.txt,,,,1.0000000000000004,7,,0.14285714285714285,,es
898,CARMEN-I_IR_595.txt,,,,0.9949974394620723,0,,1.0,,es
899,CARMEN-I_IR_596.txt,,,,0.9994161306460653,20,,0.05,,es
900,CARMEN-I_IR_597.txt,,,,0.9710257052333723,0,,1.0,,es
901,CARMEN-I_IR_598.txt,,,,0.9959995795563641,26,,0.038461538461538464,,es
902,CARMEN-I_IR_599.txt,,,,1.0000000000000004,2,,0.5,,bi
903,CARMEN-I_IR_604.txt,,,,1.0,8,,0.125,,es
904,CARMEN-I_IR_606.txt,,,,1.0000000000000002,14,,0.07142857142857142,,es
905,CARMEN-I_IR_607.txt,,,,1.0,2,,0.5,,es
906,CARMEN-I_IR_609.txt,,,,1.0,2,,0.5,,es
907,CARMEN-I_IR_61.txt,,,,0.9999999999999998,12,,0.08333333333333333,,es
908,CARMEN-I_IR_610.txt,,,,1.0000000000000002,32,,0.03125,,es
909,CARMEN-I_IR_611.txt,,,,1.0,14,,0.07142857142857142,,es
910,CARMEN-I_IR_612.txt,,,,1.0,2,,0.5,,es
911,CARMEN-I_IR_613.txt,,,,1.0000000000000002,8,,0.125,,es
912,CARMEN-I_IR_615.txt,,,,1.0,2,,0.5,,es
913,CARMEN-I_IR_616.txt,,,,0.8931244106224315,0,,1.0,,es
914,CARMEN-I_IR_617.txt,,,,1.0000000000000007,2,,0.5,,es
915,CARMEN-I_IR_618.txt,,,,1.0,2,,0.5,,es
916,CARMEN-I_IR_619.txt,,,,1.0000000000000002,2,,0.5,,es
917,CARMEN-I_IR_623.txt,,,,1.0000000000000002,20,,0.05,,es
918,CARMEN-I_IR_624.txt,,,,1.0000000000000002,26,,0.038461538461538464,,es
919,CARMEN-I_IR_625.txt,,,,1.0000000000000004,1,,1.0,,es
920,CARMEN-I_IR_626.txt,,,,1.0000000000000002,8,,0.125,,es
921,CARMEN-I_IR_627.txt,,,,0.9986488608072631,34,,0.029411764705882353,,bi
922,CARMEN-I_IR_628.txt,,,,1.0000000000000007,2,,0.5,,es
923,CARMEN-I_IR_629.txt,,,,1.0,2,,0.5,,bi
924,CARMEN-I_IR_63.txt,,,,0.9990868534336257,0,,1.0,,es
925,CARMEN-I_IR_631.txt,,,,1.0000000000000002,8,,0.125,,es
926,CARMEN-I_IR_632.txt,,,,1.000000000000002,14,,0.07142857142857142,,es
927,CARMEN-I_IR_634.txt,,,,1.0,2,,0.5,,bi
928,CARMEN-I_IR_635.txt,,,,1.0000000000000002,20,,0.05,,es
929,CARMEN-I_IR_636.txt,,,,1.0,14,,0.07142857142857142,,bi
930,CARMEN-I_IR_637.txt,,,,1.0000000000000002,14,,0.07142857142857142,,es
931,CARMEN-I_IR_639.txt,,,,1.0000000000000002,2,,0.5,,bi
932,CARMEN-I_IR_64.txt,,,,0.9999999999999998,7,,0.14285714285714285,,bi
933,CARMEN-I_IR_640.txt,,,,0.9831132587233274,14,,0.07142857142857142,,es
934,CARMEN-I_IR_642.txt,,,,1.0,2,,0.5,,es
935,CARMEN-I_IR_643.txt,,,,1.0000000000000002,44,,0.022727272727272728,,es
936,CARMEN-I_IR_644.txt,,,,0.9885431134154649,0,,1.0,,es
937,CARMEN-I_IR_645.txt,,,,0.9925452224026599,0,,1.0,,es
938,CARMEN-I_IR_646.txt,,,,0.9954740068787519,69,,0.014492753623188406,,es
939,CARMEN-I_IR_647.txt,,,,0.9965394511503785,28,,0.03571428571428571,,es
940,CARMEN-I_IR_648.txt,,,,1.0000000000000002,8,,0.125,,es
941,CARMEN-I_IR_65.txt,,,,0.9969655806103692,20,,0.05,,es
942,CARMEN-I_IR_650.txt,,,,0.9931563798335273,20,,0.05,,bi
943,CARMEN-I_IR_652.txt,,,,1.0,14,,0.07142857142857142,,es
944,CARMEN-I_IR_653.txt,,,,1.0000000000000002,14,,0.07142857142857142,,es
945,CARMEN-I_IR_657.txt,,,,1.0,8,,0.125,,es
946,CARMEN-I_IR_659.txt,,,,0.9666380823381676,0,,1.0,,es
947,CARMEN-I_IR_66.txt,,,,1.0,2,,0.5,,es
948,CARMEN-I_IR_660.txt,,,,1.0,2,,0.5,,es
949,CARMEN-I_IR_662.txt,,,,1.0000000000000004,2,,0.5,,bi
950,CARMEN-I_IR_663.txt,,,,1.0000000000000002,44,,0.022727272727272728,,es
951,CARMEN-I_IR_665.txt,,,,1.0000000000000004,2,,0.5,,bi
952,CARMEN-I_IR_666.txt,,,,0.9942935470872679,0,,1.0,,es
953,CARMEN-I_IR_667.txt,,,,1.0000000000000002,2,,0.5,,es
954,CARMEN-I_IR_669.txt,,,,0.9920110689567367,66,,0.015151515151515152,,es
955,CARMEN-I_IR_67.txt,,,,1.0000000000000009,2,,0.5,,es
956,CARMEN-I_IR_671.txt,,,,0.9999999999999999,20,,0.05,,es
957,CARMEN-I_IR_672.txt,,,,0.995318844445359,32,,0.03125,,es
958,CARMEN-I_IR_677.txt,,,,0.9894234154486338,21,,0.047619047619047616,,es
959,CARMEN-I_IR_679.txt,,,,1.0000000000000002,2,,0.5,,bi
960,CARMEN-I_IR_680.txt,,,,0.988208516761385,20,,0.05,,bi
961,CARMEN-I_IR_681.txt,,,,1.0,2,,0.5,,es
962,CARMEN-I_IR_683.txt,,,,0.9934150179755794,0,,1.0,,es
963,CARMEN-I_IR_684.txt,,,,1.0000000000000002,8,,0.125,,es
964,CARMEN-I_IR_686.txt,,,,1.0,14,,0.07142857142857142,,es
965,CARMEN-I_IR_687.txt,,,,1.0000000000000004,7,,0.14285714285714285,,es
966,CARMEN-I_IR_689.txt,,,,0.9950979517358503,9,,0.1111111111111111,,es
967,CARMEN-I_IR_692.txt,,,,0.9960332730508942,0,,1.0,,bi
968,CARMEN-I_IR_693.txt,,,,1.0,8,,0.125,,es
969,CARMEN-I_IR_695.txt,,,,0.9949988467399813,14,,0.07142857142857142,,es
970,CARMEN-I_IR_696.txt,,,,1.0000000000000002,8,,0.125,,es
971,CARMEN-I_IR_699.txt,,,,1.0000000000000002,14,,0.07142857142857142,,es
972,CARMEN-I_IR_7.txt,,,,0.9555858928145992,22,,0.045454545454545456,,es
973,CARMEN-I_IR_70.txt,,,,1.0000000000000002,2,,0.5,,es
974,CARMEN-I_IR_700.txt,,,,1.0000000000000002,2,,0.5,,es
975,CARMEN-I_IR_701.txt,,,,0.9999999999999999,20,,0.05,,es
976,CARMEN-I_IR_703.txt,,,,0.9999999999999999,2,,0.5,,bi
977,CARMEN-I_IR_707.txt,,,,0.9999999999999999,8,,0.125,,es
978,CARMEN-I_IR_708.txt,,,,0.9999999999999994,8,,0.125,,es
979,CARMEN-I_IR_709.txt,,,,1.0000000000000002,14,,0.07142857142857142,,es
980,CARMEN-I_IR_710.txt,,,,1.0000000000000002,14,,0.07142857142857142,,es
981,CARMEN-I_IR_711.txt,,,,1.0000000000000004,2,,0.5,,es
982,CARMEN-I_IR_712.txt,,,,1.0000000000000004,8,,0.125,,es
983,CARMEN-I_IR_716.txt,,,,0.9989796707957558,47,,0.02127659574468085,,es
984,CARMEN-I_IR_717.txt,,,,1.0,2,,0.5,,es
985,CARMEN-I_IR_718.txt,,,,0.9920019049969375,0,,1.0,,es
986,CARMEN-I_IR_720.txt,,,,1.0000000000000002,8,,0.125,,es
987,CARMEN-I_IR_722.txt,,,,0.9970428067101043,49,,0.02040816326530612,,bi
988,CARMEN-I_IR_724.txt,,,,1.0,2,,0.5,,es
989,CARMEN-I_IR_725.txt,,,,1.0,14,,0.07142857142857142,,es
990,CARMEN-I_IR_726.txt,,,,0.9989844508774857,33,,0.030303030303030304,,es
991,CARMEN-I_IR_73.txt,,,,1.0,8,,0.125,,es
992,CARMEN-I_IR_730.txt,,,,0.9994882526440917,0,,1.0,,es
993,CARMEN-I_IR_732.txt,,,,0.83082623588993,0,,1.0,,es
994,CARMEN-I_IR_733.txt,,,,1.0000000000000002,12,,0.08333333333333333,,es
995,CARMEN-I_IR_737.txt,,,,0.9999999999999996,8,,0.125,,es
996,CARMEN-I_IR_739.txt,,,,0.987711810510018,21,,0.047619047619047616,,es
997,CARMEN-I_IR_74.txt,,,,1.0000000000000002,2,,0.5,,es
998,CARMEN-I_IR_741.txt,,,,1.0000000000000002,2,,0.5,,bi
999,CARMEN-I_IR_742.txt,,,,0.9990415546759464,0,,1.0,,es
1000,CARMEN-I_IR_743.txt,,,,1.0000000000000007,8,,0.125,,es
1001,CARMEN-I_IR_744.txt,,,,0.9992433083779063,77,,0.012987012987012988,,es
1002,CARMEN-I_IR_745.txt,,,,0.9999999999999999,14,,0.07142857142857142,,es
1003,CARMEN-I_IR_747.txt,,,,1.0000000000000004,8,,0.125,,es
1004,CARMEN-I_IR_749.txt,,,,0.9999999999999999,14,,0.07142857142857142,,es
1005,CARMEN-I_IR_75.txt,,,,0.9999999999999998,14,,0.07142857142857142,,es
1006,CARMEN-I_IR_752.txt,,,,0.9973637683557868,43,,0.023255813953488372,,es
1007,CARMEN-I_IR_753.txt,,,,0.9918366382540154,0,,1.0,,bi
1008,CARMEN-I_IR_754.txt,,,,0.9999999999999988,8,,0.125,,es
1009,CARMEN-I_IR_756.txt,,,,1.0000000000000002,2,,0.5,,es
1010,CARMEN-I_IR_757.txt,,,,0.9994229174152273,15,,0.06666666666666667,,es
1011,CARMEN-I_IR_759.txt,,,,1.0000000000000002,2,,0.5,,es
1012,CARMEN-I_IR_760.txt,,,,1.0,8,,0.125,,bi
1013,CARMEN-I_IR_761.txt,,,,0.9967509665843536,43,,0.023255813953488372,,bi
1014,CARMEN-I_IR_763.txt,,,,1.0000000000000002,8,,0.125,,es
1015,CARMEN-I_IR_764.txt,,,,1.0,2,,0.5,,es
1016,CARMEN-I_IR_767.txt,,,,0.9933645719015523,0,,1.0,,es
1017,CARMEN-I_IR_769.txt,,,,0.992488526761013,0,,1.0,,es
1018,CARMEN-I_IR_77.txt,,,,0.9999999999999998,1,,1.0,,es
1019,CARMEN-I_IR_772.txt,,,,0.9985940449452173,34,,0.029411764705882353,,es
1020,CARMEN-I_IR_773.txt,,,,1.0,26,,0.038461538461538464,,es
1021,CARMEN-I_IR_776.txt,,,,0.9999999999999991,2,,0.5,,es
1022,CARMEN-I_IR_778.txt,,,,1.0000000000000007,9,,0.1111111111111111,,es
1023,CARMEN-I_IR_780.txt,,,,0.6305470506149411,0,,1.0,,es
1024,CARMEN-I_IR_782.txt,,,,0.997938013533569,26,,0.038461538461538464,,es
1025,CARMEN-I_IR_784.txt,,,,1.0000000000000002,2,,0.5,,es
1026,CARMEN-I_IR_785.txt,,,,0.9987994864901214,45,,0.022222222222222223,,es
1027,CARMEN-I_IR_789.txt,,,,0.99702050427179,0,,1.0,,bi
1028,CARMEN-I_IR_791.txt,,,,0.9994710663220727,29,,0.034482758620689655,,es
1029,CARMEN-I_IR_793.txt,,,,0.9994947967692132,49,,0.02040816326530612,,es
1030,CARMEN-I_IR_796.txt,,,,1.0000000000000002,14,,0.07142857142857142,,bi
1031,CARMEN-I_IR_799.txt,,,,0.9871073936225724,0,,1.0,,cat
1032,CARMEN-I_IR_8.txt,,,,0.9940865994462242,0,,1.0,,es
1033,CARMEN-I_IR_800.txt,,,,1.0000000000000002,14,,0.07142857142857142,,es
1034,CARMEN-I_IR_801.txt,,,,1.0000000000000002,2,,0.5,,es
1035,CARMEN-I_IR_802.txt,,,,0.9960625583795516,49,,0.02040816326530612,,es
1036,CARMEN-I_IR_804.txt,,,,1.0000000000000002,8,,0.125,,bi
1037,CARMEN-I_IR_805.txt,,,,1.0000000000000004,2,,0.5,,es
1038,CARMEN-I_IR_811.txt,,,,1.0000000000000002,8,,0.125,,es
1039,CARMEN-I_IR_815.txt,,,,0.9985490793326673,0,,1.0,,es
1040,CARMEN-I_IR_818.txt,,,,0.9739716530063485,0,,1.0,,es
1041,CARMEN-I_IR_819.txt,,,,0.9964797224062597,61,,0.01639344262295082,,es
1042,CARMEN-I_IR_82.txt,,,,0.9999999999999998,20,,0.05,,es
1043,CARMEN-I_IR_820.txt,,,,1.0000000000000002,8,,0.125,,es
1044,CARMEN-I_IR_821.txt,,,,0.9908432999025254,0,,1.0,,bi
1045,CARMEN-I_IR_822.txt,,,,1.0000000000000002,7,,0.14285714285714285,,bi
1046,CARMEN-I_IR_823.txt,,,,0.9984519041079345,0,,1.0,,es
1047,CARMEN-I_IR_824.txt,,,,1.0,8,,0.125,,es
1048,CARMEN-I_IR_825.txt,,,,0.9999999999999998,20,,0.05,,es
1049,CARMEN-I_IR_827.txt,,,,1.0000000000000002,2,,0.5,,es
1050,CARMEN-I_IR_828.txt,,,,0.9940517174647534,15,,0.06666666666666667,,es
1051,CARMEN-I_IR_83.txt,,,,0.9999999999999998,2,,0.5,,es
1052,CARMEN-I_IR_830.txt,,,,0.9999999999999999,8,,0.125,,es
1053,CARMEN-I_IR_832.txt,,,,1.0,2,,0.5,,es
1054,CARMEN-I_IR_835.txt,,,,1.0000000000000004,2,,0.5,,es
1055,CARMEN-I_IR_836.txt,,,,0.9883388826966062,14,,0.07142857142857142,,es
1056,CARMEN-I_IR_837.txt,,,,1.0000000000000002,2,,0.5,,es
1057,CARMEN-I_IR_839.txt,,,,0.9981877423962584,41,,0.024390243902439025,,es
1058,CARMEN-I_IR_840.txt,,,,0.9999999999999998,2,,0.5,,es
1059,CARMEN-I_IR_842.txt,,,,0.9999999999999998,7,,0.14285714285714285,,bi
1060,CARMEN-I_IR_844.txt,,,,1.0,14,,0.07142857142857142,,es
1061,CARMEN-I_IR_846.txt,,,,0.9960761590316729,0,,1.0,,es
1062,CARMEN-I_IR_847.txt,,,,1.0000000000000002,26,,0.038461538461538464,,es
1063,CARMEN-I_IR_85.txt,,,,0.9999999999999999,2,,0.5,,es
1064,CARMEN-I_IR_851.txt,,,,1.0000000000000004,2,,0.5,,bi
1065,CARMEN-I_IR_856.txt,,,,1.0000000000000002,8,,0.125,,cat
1066,CARMEN-I_IR_858.txt,,,,0.9995028078442586,29,,0.034482758620689655,,es
1067,CARMEN-I_IR_86.txt,,,,0.9994559775296161,36,,0.027777777777777776,,es
1068,CARMEN-I_IR_860.txt,,,,1.0000000000000002,2,,0.5,,es
1069,CARMEN-I_IR_861.txt,,,,0.9941709351918581,0,,1.0,,es
1070,CARMEN-I_IR_863.txt,,,,1.0,2,,0.5,,cat
1071,CARMEN-I_IR_864.txt,,,,1.0,8,,0.125,,es
1072,CARMEN-I_IR_866.txt,,,,1.0000000000000007,8,,0.125,,es
1073,CARMEN-I_IR_867.txt,,,,1.0,20,,0.05,,es
1074,CARMEN-I_IR_869.txt,,,,0.9999999999999996,8,,0.125,,bi
1075,CARMEN-I_IR_870.txt,,,,1.0000000000000002,2,,0.5,,cat
1076,CARMEN-I_IR_875.txt,,,,0.9999999999999998,14,,0.07142857142857142,,es
1077,CARMEN-I_IR_876.txt,,,,1.0000000000000002,8,,0.125,,es
1078,CARMEN-I_IR_877.txt,,,,1.0000000000000002,2,,0.5,,bi
1079,CARMEN-I_IR_882.txt,,,,0.9947571064963427,49,,0.02040816326530612,,es
1080,CARMEN-I_IR_883.txt,,,,1.0000000000000002,9,,0.1111111111111111,,es
1081,CARMEN-I_IR_884.txt,,,,0.9899602278965621,36,,0.027777777777777776,,es
1082,CARMEN-I_IR_885.txt,,,,0.9911011185306136,0,,1.0,,es
1083,CARMEN-I_IR_887.txt,,,,1.0,2,,0.5,,es
1084,CARMEN-I_IR_888.txt,,,,0.983809737044469,54,,0.018518518518518517,,es
1085,CARMEN-I_IR_89.txt,,,,1.0000000000000002,8,,0.125,,es
1086,CARMEN-I_IR_890.txt,,,,0.9965404246754375,14,,0.07142857142857142,,es
1087,CARMEN-I_IR_895.txt,,,,1.0000000000000002,8,,0.125,,es
1088,CARMEN-I_IR_898.txt,,,,0.9999999999999997,2,,0.5,,es
1089,CARMEN-I_IR_899.txt,,,,1.0000000000000004,14,,0.07142857142857142,,es
1090,CARMEN-I_IR_9.txt,,,,1.0,20,,0.05,,es
1091,CARMEN-I_IR_90.txt,,,,0.9999999999999971,2,,0.5,,cat
1092,CARMEN-I_IR_902.txt,,,,1.0,2,,0.5,,es
1093,CARMEN-I_IR_903.txt,,,,0.901601373807934,0,,1.0,,es
1094,CARMEN-I_IR_904.txt,,,,1.0000000000000004,8,,0.125,,es
1095,CARMEN-I_IR_905.txt,,,,0.9967009143053539,14,,0.07142857142857142,,es
1096,CARMEN-I_IR_908.txt,,,,1.0,10,,0.1,,es
1097,CARMEN-I_IR_910.txt,,,,0.9999999999999998,2,,0.5,,es
1098,CARMEN-I_IR_912.txt,,,,0.9977346467299794,0,,1.0,,es
1099,CARMEN-I_IR_914.txt,,,,1.0000000000000002,2,,0.5,,es
1100,CARMEN-I_IR_915.txt,,,,1.0,1,,1.0,,es
1101,CARMEN-I_IR_916.txt,,,,0.9829834949959819,0,,1.0,,es
1102,CARMEN-I_IR_917.txt,,,,0.9955306732608569,4,,0.25,,es
1103,CARMEN-I_IR_918.txt,,,,1.0000000000000002,2,,0.5,,es
1104,CARMEN-I_IR_919.txt,,,,1.0000000000000002,2,,0.5,,bi
1105,CARMEN-I_IR_921.txt,,,,0.989204379920059,0,,1.0,,bi
1106,CARMEN-I_IR_922.txt,,,,1.0000000000000004,14,,0.07142857142857142,,cat
1107,CARMEN-I_IR_926.txt,,,,1.0,8,,0.125,,es
1108,CARMEN-I_IR_928.txt,,,,0.9859813399953686,0,,1.0,,bi
1109,CARMEN-I_IR_93.txt,,,,1.000000000000001,20,,0.05,,bi
1110,CARMEN-I_IR_931.txt,,,,0.9863535215572907,21,,0.047619047619047616,,bi
1111,CARMEN-I_IR_932.txt,,,,0.9961641138158734,27,,0.037037037037037035,,es
1112,CARMEN-I_IR_938.txt,,,,1.0000000000000002,2,,0.5,,es
1113,CARMEN-I_IR_939.txt,,,,1.0000000000000004,8,,0.125,,cat
1114,CARMEN-I_IR_940.txt,,,,1.0000000000000002,2,,0.5,,es
1115,CARMEN-I_IR_941.txt,,,,0.9999999999999999,32,,0.03125,,es
1116,CARMEN-I_IR_942.txt,,,,0.9797050644418871,0,,1.0,,es
1117,CARMEN-I_IR_944.txt,,,,1.0,2,,0.5,,es
1118,CARMEN-I_IR_946.txt,,,,1.0000000000000004,14,,0.07142857142857142,,es
1119,CARMEN-I_IR_947.txt,,,,1.0,14,,0.07142857142857142,,es
1120,CARMEN-I_IR_948.txt,,,,0.9943554153693355,0,,1.0,,es
1121,CARMEN-I_IR_949.txt,,,,1.0000000000000002,8,,0.125,,es
1122,CARMEN-I_IR_951.txt,,,,0.9840453791454035,20,,0.05,,es
1123,CARMEN-I_IR_952.txt,,,,0.9986376787754357,53,,0.018867924528301886,,es
1124,CARMEN-I_IR_957.txt,,,,1.0000000000000002,26,,0.038461538461538464,,es
1125,CARMEN-I_IR_958.txt,,,,0.9911011185306134,0,,1.0,,bi
1126,CARMEN-I_IR_959.txt,,,,0.9984197030779163,0,,1.0,,es
1127,CARMEN-I_IR_96.txt,,,,0.9999999999999999,2,,0.5,,bi
1128,CARMEN-I_IR_960.txt,,,,1.0000000000000002,2,,0.5,,es
1129,CARMEN-I_IR_961.txt,,,,0.9855551832233629,21,,0.047619047619047616,,bi
1130,CARMEN-I_IR_962.txt,,,,1.0000000000000009,2,,0.5,,bi
1131,CARMEN-I_IR_963.txt,,,,1.0000000000000004,26,,0.038461538461538464,,es
1132,CARMEN-I_IR_964.txt,,,,1.0,8,,0.125,,bi
1133,CARMEN-I_IR_966.txt,,,,1.0000000000000002,7,,0.14285714285714285,,es
1134,CARMEN-I_IR_969.txt,,,,0.997405439791315,204,,0.004901960784313725,,es
1135,CARMEN-I_IR_97.txt,,,,1.0,20,,0.05,,es
1136,CARMEN-I_IR_970.txt,,,,1.0,14,,0.07142857142857142,,es
1137,CARMEN-I_IR_976.txt,,,,1.0,8,,0.125,,bi
1138,CARMEN-I_IR_98.txt,,,,1.0,2,,0.5,,es
1139,CARMEN-I_IR_981.txt,,,,0.9999999999999998,14,,0.07142857142857142,,es
1140,CARMEN-I_IR_984.txt,,,,0.9999999999999996,8,,0.125,,es
1141,CARMEN-I_IR_985.txt,,,,0.9992475531763002,23,,0.043478260869565216,,es
1142,CARMEN-I_IR_987.txt,,,,1.0000000000000002,14,,0.07142857142857142,,es
1143,CARMEN-I_IR_99.txt,,,,1.0000000000000002,2,,0.5,,bi
1144,CARMEN-I_IR_990.txt,,,,0.9997697231336393,47,,0.02127659574468085,,bi
1145,CARMEN-I_IR_995.txt,,,,1.0000000000000002,8,,0.125,,bi
1146,CARMEN-I_IR_996.txt,,,,0.9714604011870824,0,,1.0,,bi
1147,CARMEN-I_IR_997.txt,,,,1.0000000000000002,8,,0.125,,bi
1148,CARMEN-I_IR_999.txt,,,,0.9936438579075246,58,,0.017241379310344827,,es
1149,CARMEN-I_IT_ANTECEDENTES_1.txt,,,,0.9961190021495009,66,,0.015151515151515152,,bi
1150,CARMEN-I_IT_ANTECEDENTES_10.txt,,,,0.9754541905346349,63,,0.015873015873015872,,es
1151,CARMEN-I_IT_ANTECEDENTES_11.txt,,,,0.9855944832921917,27,,0.037037037037037035,,es
1152,CARMEN-I_IT_ANTECEDENTES_12.txt,,,,0.9312800943130638,0,,1.0,,es
1153,CARMEN-I_IT_ANTECEDENTES_13.txt,,,,1.0000000000000009,18,,0.05555555555555555,,es
1154,CARMEN-I_IT_ANTECEDENTES_15.txt,,,,0.9893594543126732,148,,0.006756756756756757,,es
1155,CARMEN-I_IT_ANTECEDENTES_17.txt,,,,0.9829676524037704,54,,0.018518518518518517,,es
1156,CARMEN-I_IT_ANTECEDENTES_18.txt,,,,1.0,7,,0.14285714285714285,,es
1157,CARMEN-I_IT_ANTECEDENTES_2.txt,,,,0.9890400759931786,313,,0.003194888178913738,,bi
1158,CARMEN-I_IT_ANTECEDENTES_20.txt,,,,0.9198613305260113,113,,0.008849557522123894,,es
1159,CARMEN-I_IT_ANTECEDENTES_21.txt,,,,0.999295772380479,101,,0.009900990099009901,,es
1160,CARMEN-I_IT_ANTECEDENTES_22.txt,,,,0.9948457972657818,162,,0.006172839506172839,,bi
1161,CARMEN-I_IT_ANTECEDENTES_23.txt,,,,0.9572121781893711,0,,1.0,,es
1162,CARMEN-I_IT_ANTECEDENTES_24.txt,,,,0.9943783597768264,119,,0.008403361344537815,,es
1163,CARMEN-I_IT_ANTECEDENTES_25.txt,,,,0.9863916723932568,65,,0.015384615384615385,,es
1164,CARMEN-I_IT_ANTECEDENTES_26.txt,,,,0.9927098588214088,53,,0.018867924528301886,,bi
1165,CARMEN-I_IT_ANTECEDENTES_27.txt,,,,0.9999999999999999,85,,0.011764705882352941,,es
1166,CARMEN-I_IT_ANTECEDENTES_28.txt,,,,0.9941819649223094,157,,0.006369426751592357,,es
1167,CARMEN-I_IT_ANTECEDENTES_29.txt,,,,1.0000000000000029,37,,0.02702702702702703,,es
1168,CARMEN-I_IT_ANTECEDENTES_3.txt,,,,0.9377415168175145,134,,0.007462686567164179,,es
1169,CARMEN-I_IT_ANTECEDENTES_31.txt,,,,0.9345323868904588,107,,0.009345794392523364,,es
1170,CARMEN-I_IT_ANTECEDENTES_32.txt,,,,0.9907243282977966,45,,0.022222222222222223,,es
1171,CARMEN-I_IT_ANTECEDENTES_34.txt,,,,0.9888470437512571,110,,0.00909090909090909,,es
1172,CARMEN-I_IT_ANTECEDENTES_35.txt,,,,1.0000000000000002,37,,0.02702702702702703,,cat
1173,CARMEN-I_IT_ANTECEDENTES_36.txt,,,,0.9287859067041142,66,,0.015151515151515152,,es
1174,CARMEN-I_IT_ANTECEDENTES_37.txt,,,,1.0000000000000002,19,,0.05263157894736842,,es
1175,CARMEN-I_IT_ANTECEDENTES_38.txt,,,,0.9741009914289285,113,,0.008849557522123894,,es
1176,CARMEN-I_IT_ANTECEDENTES_39.txt,,,,0.986074245747036,57,,0.017543859649122806,,es
1177,CARMEN-I_IT_ANTECEDENTES_4.txt,,,,0.986853232516291,354,,0.002824858757062147,,es
1178,CARMEN-I_IT_ANTECEDENTES_40.txt,,,,0.9880264998159076,37,,0.02702702702702703,,es
1179,CARMEN-I_IT_ANTECEDENTES_41.txt,,,,1.0000000000000007,73,,0.0136986301369863,,bi
1180,CARMEN-I_IT_ANTECEDENTES_42.txt,,,,0.9923346997202019,88,,0.011363636363636364,,es
1181,CARMEN-I_IT_ANTECEDENTES_44.txt,,,,0.9857201959569392,171,,0.005847953216374269,,bi
1182,CARMEN-I_IT_ANTECEDENTES_45.txt,,,,0.9858238817612076,109,,0.009174311926605505,,es
1183,CARMEN-I_IT_ANTECEDENTES_46.txt,,,,0.9900989044918643,43,,0.023255813953488372,,es
1184,CARMEN-I_IT_ANTECEDENTES_47.txt,,,,0.9624987615021434,254,,0.003937007874015748,,es
1185,CARMEN-I_IT_ANTECEDENTES_48.txt,,,,1.0000000000000007,67,,0.014925373134328358,,es
1186,CARMEN-I_IT_ANTECEDENTES_6.txt,,,,0.9584335103120525,85,,0.011764705882352941,,es
1187,CARMEN-I_IT_ANTECEDENTES_7.txt,,,,0.9983581318858824,153,,0.006535947712418301,,es
1188,CARMEN-I_IT_ANTECEDENTES_9.txt,,,,1.0,37,,0.02702702702702703,,es
1189,CARMEN-I_IT_EVOL_1.txt,,,,0.9922315045551324,313,,0.003194888178913738,,es
1190,CARMEN-I_IT_EVOL_2.txt,,,,0.9982958112818366,135,,0.007407407407407408,,es
1191,CARMEN-I_IT_EVOL_4.txt,,,,0.97698928951741,0,,1.0,,es
1192,CARMEN-I_IT_EVOL_5.txt,,,,0.9722796481796434,147,,0.006802721088435374,,es
1193,CARMEN-I_IT_EXPLORACION_CLINICA_1.txt,,,,0.8407206814552283,88,,0.011363636363636364,,es
1194,CARMEN-I_IT_EXPLORACION_CLINICA_16.txt,,,,0.8628979858471506,101,,0.009900990099009901,,es
1195,CARMEN-I_IT_EXPLORACION_CLINICA_17.txt,,,,0.9210117092509988,36,,0.027777777777777776,,es
1196,CARMEN-I_IT_EXPLORACION_CLINICA_20.txt,,,,0.861634704016948,95,,0.010526315789473684,,es
1197,CARMEN-I_IT_EXPLORACION_CLINICA_22.txt,,,,0.9688550588146742,25,,0.04,,es
1198,CARMEN-I_IT_EXPLORACION_CLINICA_3.txt,,,,0.8872196325144179,58,,0.017241379310344827,,cat
1199,CARMEN-I_IT_EXPLORACION_CLINICA_31.txt,,,,0.96891824543213,0,,1.0,,es
1200,CARMEN-I_IT_EXPLORACION_CLINICA_32.txt,,,,0.955372079768943,46,,0.021739130434782608,,es
1201,CARMEN-I_IT_EXPLORACION_CLINICA_37.txt,,,,0.990989489441956,33,,0.030303030303030304,,es
1202,CARMEN-I_IT_EXPLORACION_CLINICA_38.txt,,,,0.6739455873403059,76,,0.013157894736842105,,es
1203,CARMEN-I_IT_EXPLORACION_CLINICA_39.txt,,,,0.9159668875024646,37,,0.02702702702702703,,es
1204,CARMEN-I_IT_EXPLORACION_CLINICA_5.txt,,,,0.8751294391123449,0,,1.0,,es
1205,CARMEN-I_IT_EXPLORACION_CLINICA_7.txt,,,,0.6954706683718005,113,,0.008849557522123894,,es
1206,CARMEN-I_IT_EXPLORACION_CLINICA_8.txt,,,,0.9744221298828344,31,,0.03225806451612903,,es
1207,CARMEN-I_IT_EXPLORACION_COMPLEMENTARIA_1.txt,,,,0.9990846363530381,63,,0.015873015873015872,,es
1208,CARMEN-I_IT_EXPLORACION_COMPLEMENTARIA_3.txt,,,,1.0000000000000009,13,,0.07692307692307693,,es
1209,CARMEN-I_IT_INTERVENCION_QUIRURGICA_1.txt,,,,1.0,7,,0.14285714285714285,,es
1210,CARMEN-I_IT_INTERVENCION_QUIRURGICA_11.txt,,,,0.988187203572059,13,,0.07692307692307693,,es
1211,CARMEN-I_IT_INTERVENCION_QUIRURGICA_12.txt,,,,1.0,13,,0.07692307692307693,,es
1212,CARMEN-I_IT_INTERVENCION_QUIRURGICA_2.txt,,,,0.9999999999999991,7,,0.14285714285714285,,es
1213,CARMEN-I_IT_INTERVENCION_QUIRURGICA_3.txt,,,,1.0000000000000004,1,,1.0,,es
1214,CARMEN-I_IT_INTERVENCION_QUIRURGICA_6.txt,,,,0.9999999999999998,7,,0.14285714285714285,,bi
1215,CARMEN-I_IT_INTERVENCION_QUIRURGICA_7.txt,,,,1.0,13,,0.07692307692307693,,bi
1216,CARMEN-I_IT_INTERVENCION_QUIRURGICA_8.txt,,,,1.0000000000000002,7,,0.14285714285714285,,es
1217,CARMEN-I_IT_PLAN_TERAPEUTICO_1.txt,,,,1.0,25,,0.04,,es
1218,CARMEN-I_IT_PLAN_TERAPEUTICO_2.txt,,,,0.999999999999999,7,,0.14285714285714285,,es
1219,CARMEN-I_IT_PLAN_TERAPEUTICO_3.txt,,,,1.0,13,,0.07692307692307693,,es
1220,CARMEN-I_IT_PLAN_TERAPEUTICO_4.txt,,,,0.9957878532898645,11,,0.09090909090909091,,es
1221,CARMEN-I_IT_PROCESO_ACTUAL_1.txt,,,,0.9999999999999999,19,,0.05263157894736842,,es
1222,CARMEN-I_IT_PROCESO_ACTUAL_10.txt,,,,0.9408486665841288,0,,1.0,,es
1223,CARMEN-I_IT_PROCESO_ACTUAL_11.txt,,,,0.9968238671865702,62,,0.016129032258064516,,es
1224,CARMEN-I_IT_PROCESO_ACTUAL_12.txt,,,,0.9890436026908163,41,,0.024390243902439025,,es
1225,CARMEN-I_IT_PROCESO_ACTUAL_13.txt,,,,0.998632964780691,111,,0.009009009009009009,,es
1226,CARMEN-I_IT_PROCESO_ACTUAL_14.txt,,,,0.9876492699814067,108,,0.009259259259259259,,es
1227,CARMEN-I_IT_PROCESO_ACTUAL_15.txt,,,,0.8279897811799505,0,,1.0,,es
1228,CARMEN-I_IT_PROCESO_ACTUAL_16.txt,,,,0.9957456487098565,0,,1.0,,es
1229,CARMEN-I_IT_PROCESO_ACTUAL_18.txt,,,,0.9507374376122556,0,,1.0,,es
1230,CARMEN-I_IT_PROCESO_ACTUAL_19.txt,,,,0.8959118236482683,70,,0.014285714285714285,,es
1231,CARMEN-I_IT_PROCESO_ACTUAL_2.txt,,,,0.9910517623878847,87,,0.011494252873563218,,es
1232,CARMEN-I_IT_PROCESO_ACTUAL_20.txt,,,,0.984918288525171,29,,0.034482758620689655,,es
1233,CARMEN-I_IT_PROCESO_ACTUAL_21.txt,,,,0.8359788201208167,0,,1.0,,es
1234,CARMEN-I_IT_PROCESO_ACTUAL_22.txt,,,,0.9693952609651175,61,,0.01639344262295082,,es
1235,CARMEN-I_IT_PROCESO_ACTUAL_23.txt,,,,0.9163665284909772,45,,0.022222222222222223,,es
1236,CARMEN-I_IT_PROCESO_ACTUAL_24.txt,,,,0.9820036376292562,0,,1.0,,es
1237,CARMEN-I_IT_PROCESO_ACTUAL_25.txt,,,,0.9966659672346624,57,,0.017543859649122806,,es
1238,CARMEN-I_IT_PROCESO_ACTUAL_26.txt,,,,0.993280711375156,43,,0.023255813953488372,,es
1239,CARMEN-I_IT_PROCESO_ACTUAL_27.txt,,,,0.9741504870758844,101,,0.009900990099009901,,es
1240,CARMEN-I_IT_PROCESO_ACTUAL_28.txt,,,,0.9919179789985099,51,,0.0196078431372549,,es
1241,CARMEN-I_IT_PROCESO_ACTUAL_29.txt,,,,0.9999999999999999,13,,0.07692307692307693,,es
1242,CARMEN-I_IT_PROCESO_ACTUAL_30.txt,,,,1.0,19,,0.05263157894736842,,es
1243,CARMEN-I_IT_PROCESO_ACTUAL_31.txt,,,,0.9808802229800745,95,,0.010526315789473684,,es
1244,CARMEN-I_IT_PROCESO_ACTUAL_32.txt,,,,0.9956263783765884,0,,1.0,,es
1245,CARMEN-I_IT_PROCESO_ACTUAL_33.txt,,,,0.9330115398420193,0,,1.0,,es
1246,CARMEN-I_IT_PROCESO_ACTUAL_34.txt,,,,0.9999999999999998,13,,0.07692307692307693,,es
1247,CARMEN-I_IT_PROCESO_ACTUAL_35.txt,,,,0.9884110278617215,0,,1.0,,es
1248,CARMEN-I_IT_PROCESO_ACTUAL_37.txt,,,,0.9463543733809658,98,,0.01020408163265306,,es
1249,CARMEN-I_IT_PROCESO_ACTUAL_38.txt,,,,0.9899909329861578,47,,0.02127659574468085,,es
1250,CARMEN-I_IT_PROCESO_ACTUAL_39.txt,,,,0.797170092387469,50,,0.02,,cat
1251,CARMEN-I_IT_PROCESO_ACTUAL_40.txt,,,,0.943283052341007,0,,1.0,,cat
1252,CARMEN-I_IT_PROCESO_ACTUAL_41.txt,,,,0.9896326118765596,80,,0.0125,,es
1253,CARMEN-I_IT_PROCESO_ACTUAL_42.txt,,,,0.8886090771635357,0,,1.0,,es
1254,CARMEN-I_IT_PROCESO_ACTUAL_43.txt,,,,0.989769592310062,65,,0.015384615384615385,,es
1255,CARMEN-I_IT_PROCESO_ACTUAL_45.txt,,,,0.9943798839084576,50,,0.02,,es
1256,CARMEN-I_IT_PROCESO_ACTUAL_46.txt,,,,0.9669575958798605,58,,0.017241379310344827,,es
1257,CARMEN-I_IT_PROCESO_ACTUAL_47.txt,,,,0.9811828919301868,14,,0.07142857142857142,,es
1258,CARMEN-I_IT_PROCESO_ACTUAL_48.txt,,,,0.9983874514708717,53,,0.018867924528301886,,es
1259,CARMEN-I_IT_PROCESO_ACTUAL_5.txt,,,,0.9056377031308789,0,,1.0,,es
1260,CARMEN-I_IT_PROCESO_ACTUAL_50.txt,,,,1.0000000000000002,31,,0.03225806451612903,,es
1261,CARMEN-I_IT_PROCESO_ACTUAL_51.txt,,,,0.9990283540882904,58,,0.017241379310344827,,es
1262,CARMEN-I_IT_PROCESO_ACTUAL_52.txt,,,,0.9336861169393248,0,,1.0,,es
1263,CARMEN-I_IT_PROCESO_ACTUAL_53.txt,,,,1.0000000000000004,7,,0.14285714285714285,,es
1264,CARMEN-I_IT_PROCESO_ACTUAL_6.txt,,,,0.9857718567471099,128,,0.0078125,,es
1265,CARMEN-I_IT_PROCESO_ACTUAL_7.txt,,,,0.9759033343590432,16,,0.0625,,es
1266,CARMEN-I_IT_PROCESO_ACTUAL_8.txt,,,,1.0000000000000013,1,,1.0,,cat
1267,CARMEN-I_IT_PROCESO_ACTUAL_9.txt,,,,0.7275354866014315,0,,1.0,,es
