FECHAS,29,33,26/5
FECHAS,418,422,7/06
FECHAS,979,984,19/06
FECHAS,1196,1200,23/5
FECHAS,1230,1234,23/5
FECHAS,1266,1270,23/5
FECHAS,1303,1307,23/5
FECHAS,1342,1346,25/5
FECHAS,1419,1423,25/5
FECHAS,1459,1463,25/5
FECHAS,1490,1494,25/5
FECHAS,1527,1531,26/5
FECHAS,1564,1569,28/05
FECHAS,1597,1602,28/05
FECHAS,1634,1639,29/05
FECHAS,1668,1673,31/05
FECHAS,1705,1710,31/05
FECHAS,1805,1810,31/05
FECHAS,1846,1850,25/5
FECHAS,1918,1922,5/06
FECHAS,1952,1956,5/06
FECHAS,1988,1992,5/06
FECHAS,2096,2100,6/06
FECHAS,2168,2172,7/06
FECHAS,2267,2271,8/06
FECHAS,2300,2304,8/06
FECHAS,2336,2340,8/06
FECHAS,2400,2405,12/06
FECHAS,2437,2442,12/06
FECHAS,2508,2513,13/06
FECHAS,2591,2595,23/5
